Metabolite,b0114,b0115,b0469,b0605,b0606,b0612,b0721,b0722,b0723,b0724,b0726,b0727,b0728,b0729,b0767,b1101,b1378,b1380,b1611,b1621,b1723,b1852,b1912,b1982,b2029,b2097,b2290,b2436,b3426,b3572,b3664,b3867,b3924
camp_c,1,0,1,1,0,0,1,1,1,1,0,1,1,0,1,1,1,0,1,1,0,1,0,0,1,0,0,1,1,1,1,0,0
4per_c,0,1,1,0,0,1,0,1,0,0,0,1,1,0,1,1,1,0,0,1,0,1,0,0,1,0,0,1,0,1,0,0,0
gtp_c,1,0,1,1,0,0,1,1,1,1,0,1,1,0,1,1,1,0,1,1,0,1,0,0,1,0,0,1,1,1,1,0,0
pg181_p,0,1,1,0,0,1,0,0,0,0,0,1,1,0,1,1,1,0,0,1,0,1,0,0,0,0,0,1,0,1,0,0,0
nicrnt_c,0,1,1,0,0,0,1,1,1,1,0,1,1,0,1,1,1,0,0,1,0,1,0,0,1,0,0,1,1,1,0,0,0
2agpe161_c,0,1,1,0,0,0,1,1,1,0,0,1,1,0,1,1,1,0,0,1,0,1,0,0,1,0,0,1,1,1,0,0,0
pg141_p,0,1,1,0,0,1,0,0,0,0,0,1,1,0,1,1,1,0,0,1,0,1,0,0,0,0,0,1,0,1,0,0,0
gdpmann_c,1,0,1,0,0,0,1,1,1,1,0,1,1,0,1,1,1,0,1,1,0,1,0,0,1,0,0,1,1,1,1,0,0
dcmp_c,0,1,1,0,0,0,1,1,1,1,0,1,1,0,1,1,1,0,0,1,0,1,0,0,1,0,0,1,1,1,0,0,0
nadphx__S_c,0,1,1,0,0,0,1,1,1,0,0,1,1,0,1,1,1,0,0,1,0,1,0,0,1,0,0,1,1,1,0,0,0
2agpe120_p,0,1,1,0,0,1,0,1,0,0,0,1,1,0,1,1,1,0,0,1,0,1,0,0,1,0,0,1,0,1,0,0,0
ade_e,0,1,1,0,0,0,1,1,1,1,0,1,1,0,1,1,1,0,0,1,0,1,0,0,1,0,0,1,1,1,0,0,0
ohpb_c,0,1,1,0,0,1,0,1,0,0,0,1,1,0,1,1,1,0,0,1,0,1,0,0,1,0,0,1,0,1,0,0,0
pg120_p,0,1,1,0,0,1,0,0,0,0,0,1,1,0,1,1,1,0,0,1,0,1,0,0,1,0,0,1,0,1,0,0,0
lipa_cold_p,0,1,1,0,0,1,0,0,0,0,0,1,0,0,1,1,1,0,0,1,0,1,0,0,0,0,0,1,0,1,0,0,0
ocdca_p,0,1,1,0,0,1,0,1,0,0,0,1,1,0,1,1,1,0,0,1,0,1,0,0,1,0,0,1,0,1,0,0,0
thmmp_c,0,1,1,0,0,1,0,1,1,0,0,1,1,0,1,1,1,0,0,1,0,1,0,0,1,0,0,1,1,1,0,0,0
2agpe141_p,0,1,1,0,0,1,0,0,0,0,0,1,1,0,1,1,1,0,0,1,0,1,0,0,1,0,0,1,0,1,0,0,0
3dhsk_c,0,1,1,0,0,1,0,1,0,0,0,1,1,0,1,1,1,0,0,1,0,1,0,0,0,0,0,1,0,1,0,0,0
amet_c,0,0,1,1,0,0,1,1,1,1,0,1,1,0,1,1,1,0,1,1,0,1,0,0,1,0,0,1,1,1,0,0,0
glyc__R_e,0,1,1,0,0,1,0,1,1,0,0,1,1,0,1,1,1,0,0,1,0,1,0,0,1,0,0,1,1,1,0,0,0
ump_c,0,1,1,0,0,1,0,1,1,0,0,1,1,0,1,1,1,0,0,1,0,1,0,0,1,0,0,1,1,1,0,0,0
pg161_c,0,1,1,0,0,1,0,0,0,0,0,1,1,0,1,1,1,0,0,1,0,1,0,0,0,0,0,1,0,1,0,0,0
2h3oppan_c,0,1,1,0,0,1,0,1,1,0,0,1,1,0,1,1,1,0,0,1,0,1,0,0,1,0,0,1,1,1,0,0,0
pgp161_p,0,1,1,0,0,1,0,0,0,0,0,1,1,0,1,1,1,0,0,1,0,1,0,0,0,0,0,1,0,1,0,0,0
uamag_c,0,1,1,0,0,1,0,1,1,0,0,1,1,0,1,1,1,0,0,1,0,1,0,0,1,0,0,1,1,1,0,0,0
ppi_c,0,1,1,0,0,0,1,1,1,0,0,1,1,0,1,1,1,0,0,1,0,1,0,0,1,0,0,1,1,1,0,0,0
mptamp_c,1,0,1,1,0,0,1,1,1,1,0,1,1,0,1,1,1,0,1,1,0,1,0,0,1,0,0,1,1,1,1,0,0
mal__L_e,0,1,1,0,0,1,0,1,1,0,0,1,1,0,1,1,1,0,0,1,0,1,0,0,1,0,0,1,1,1,0,0,0
cdpdodecg_c,0,1,1,0,0,1,0,0,0,0,0,1,1,0,1,1,1,0,0,1,0,1,0,0,0,0,0,1,0,1,0,0,0
ps181_c,0,1,1,0,0,1,0,0,0,0,0,1,1,0,1,1,1,0,0,1,0,1,0,0,0,0,0,1,0,1,0,0,0
pydx5p_c,0,1,1,0,0,1,0,1,0,0,0,1,1,0,1,1,1,0,0,1,0,1,0,0,1,0,0,1,0,1,0,0,0
pgp120_c,0,1,1,0,0,1,0,0,0,0,0,1,1,0,1,1,1,0,0,1,0,1,0,0,0,0,0,1,0,1,0,0,0
4r5au_c,1,1,1,0,0,0,1,1,1,1,0,1,1,0,1,1,1,0,1,1,0,1,0,0,1,0,0,1,1,1,0,0,0
ps141_c,0,1,1,0,0,1,0,0,0,0,0,1,1,0,1,1,1,0,0,1,0,1,0,0,0,0,0,1,0,1,0,0,0
lipa_cold_e,0,1,1,0,0,1,0,0,0,0,0,1,0,0,1,1,1,0,0,1,0,1,0,0,0,0,0,1,0,1,0,0,0
mpt_c,0,0,1,1,0,0,1,1,1,1,0,1,1,0,1,1,1,0,1,1,0,1,0,0,1,0,0,1,1,1,1,0,0
1agpg160_p,0,1,1,0,0,1,0,0,0,0,0,1,1,0,1,1,1,0,0,1,0,1,0,0,0,0,0,1,0,1,0,0,0
ps120_c,0,1,1,0,0,1,0,0,0,0,0,1,1,0,1,1,1,0,0,1,0,1,0,0,1,0,0,1,0,1,0,0,0
pgp141_c,0,1,1,0,0,1,0,0,0,0,0,1,1,0,1,1,1,0,0,1,0,1,0,0,0,0,0,1,0,1,0,0,0
pphn_c,0,1,1,0,0,1,0,1,0,0,0,1,1,0,1,1,1,0,0,1,0,1,0,0,0,0,0,1,0,1,0,0,0
imp_c,1,1,1,0,0,0,1,1,1,1,0,1,1,0,1,1,1,0,1,1,0,1,0,0,1,0,0,1,1,1,0,0,0
dcamp_c,1,0,1,1,0,0,1,1,1,1,0,1,1,0,1,1,1,0,1,1,0,1,0,0,1,0,0,1,1,1,1,0,0
ac_c,0,1,1,0,0,1,0,1,1,0,0,1,1,0,1,1,1,0,0,1,0,1,0,0,1,0,0,1,1,1,0,0,0
succ_e,0,1,1,0,0,1,0,1,1,0,0,1,1,0,1,1,1,0,0,1,0,1,0,0,1,0,0,1,1,1,0,0,0
3psme_c,0,1,1,0,0,1,0,0,0,0,0,1,1,0,1,1,1,0,0,1,0,1,0,0,0,0,0,1,0,1,0,0,0
2ombzl_c,0,1,1,0,0,1,0,0,0,0,0,1,1,0,1,1,1,0,0,1,0,1,0,0,0,0,0,1,0,1,0,0,0
pgp181_c,0,1,1,0,0,1,0,0,0,0,0,1,1,0,1,1,1,0,0,1,0,1,0,0,0,0,0,1,0,1,0,0,0
pgp181_p,0,1,1,0,0,1,0,0,0,0,0,1,1,0,1,1,1,0,0,1,0,1,0,0,0,0,0,1,0,1,0,0,0
gdpofuc_c,0,1,1,0,0,0,0,1,1,0,0,1,1,0,1,1,1,0,0,1,0,1,0,0,1,0,0,1,1,1,0,0,0
prfp_c,1,0,1,1,0,0,1,1,1,1,0,1,1,0,1,1,1,0,1,1,0,1,0,0,1,0,0,1,1,1,1,0,0
1agpg140_p,0,1,1,0,0,1,0,1,0,0,0,1,1,0,1,1,1,0,0,1,0,1,0,0,1,0,0,1,0,1,0,0,0
xdp_c,1,1,1,0,0,0,1,1,1,1,0,1,1,0,1,1,1,0,0,1,0,1,0,0,1,0,0,1,1,1,0,0,0
cxsam_c,0,1,1,0,0,0,1,1,1,0,0,1,1,0,1,1,1,0,0,1,0,1,0,0,1,0,0,1,1,1,0,0,0
ps161_c,0,1,1,0,0,1,0,0,0,0,0,1,1,0,1,1,1,0,0,1,0,1,0,0,0,0,0,1,0,1,0,0,0
pgp141_p,0,1,1,0,0,1,0,0,0,0,0,1,1,0,1,1,1,0,0,1,0,1,0,0,0,0,0,1,0,1,0,0,0
2mecdp_c,0,1,1,0,0,1,0,1,0,0,0,1,1,0,1,1,1,0,0,1,0,1,0,0,1,0,0,1,1,1,0,0,0
udpgalfur_c,0,1,1,0,0,1,0,1,1,0,0,1,1,0,1,1,1,0,0,1,0,1,0,0,1,0,0,1,1,1,0,0,0
dhmpt_c,0,1,1,0,0,0,1,1,1,0,0,1,1,0,1,1,1,0,0,1,0,1,0,0,1,0,0,1,1,1,0,0,0
cdpdddecg_c,0,1,1,0,0,1,0,0,0,0,0,1,1,0,1,1,1,0,0,1,0,1,0,0,1,0,0,1,0,1,0,0,0
ade_c,0,1,1,0,0,0,1,1,1,1,0,1,1,0,1,1,1,0,0,1,0,1,0,0,1,0,0,1,1,1,0,0,0
ipdp_c,0,1,1,0,0,1,0,1,0,0,0,1,1,0,1,1,1,0,0,1,0,1,0,0,1,0,0,1,1,1,0,0,0
erthrs_c,0,1,1,0,0,0,1,1,1,0,0,1,1,0,1,1,1,0,0,1,0,1,0,0,1,0,0,1,1,1,0,0,0
23dhb_c,0,1,1,0,0,1,0,1,0,0,0,1,1,0,1,1,1,0,0,1,0,1,0,0,1,0,0,1,0,1,0,0,0
uacmamu_c,0,1,1,0,0,1,0,1,1,0,0,1,1,0,1,1,1,0,0,1,0,1,0,0,1,0,0,1,1,1,0,0,0
pgp120_p,0,1,1,0,0,1,0,0,0,0,0,1,1,0,1,1,1,0,0,1,0,1,0,0,0,0,0,1,0,1,0,0,0
e4p_c,0,1,1,0,0,1,0,1,0,0,0,1,1,0,1,1,1,0,0,1,0,1,0,0,1,0,0,1,0,1,0,0,0
glyc__R_c,0,1,1,0,0,1,0,1,1,0,0,1,1,0,1,1,1,0,0,1,0,1,0,0,1,0,0,1,1,1,0,0,0
mnl1p_c,0,1,1,0,0,0,0,1,1,0,0,1,1,0,1,1,1,0,0,1,0,1,0,0,1,0,0,1,1,1,0,0,0
pgp161_c,0,1,1,0,0,1,0,0,0,0,0,1,1,0,1,1,1,0,0,1,0,1,0,0,0,0,0,1,0,1,0,0,0
lald__D_c,0,1,1,0,0,1,0,1,1,0,0,1,1,0,1,1,1,0,0,1,0,1,0,0,1,0,0,1,1,1,0,0,0
2dmmql8_c,0,1,1,0,0,1,0,1,1,0,0,1,1,0,1,1,1,0,0,1,0,1,0,0,1,0,0,1,1,1,0,0,0
sl2a6o_c,0,1,1,0,0,1,0,1,1,0,0,1,1,0,1,1,1,0,0,1,0,1,0,0,1,0,0,1,1,1,0,0,0
pg161_p,0,1,1,0,0,1,0,0,0,0,0,1,1,0,1,1,1,0,0,1,0,1,0,0,0,0,0,1,0,1,0,0,0
nad_c,1,0,1,0,0,0,1,1,1,1,0,1,1,0,1,1,1,0,1,1,0,1,0,0,1,0,0,1,1,1,1,0,0
urdgci_c,0,1,1,0,0,0,1,1,1,0,0,1,1,0,1,1,1,0,0,1,0,1,0,0,1,0,0,1,1,1,0,0,0
ichor_c,0,1,1,0,0,1,0,1,0,0,0,1,1,0,1,1,1,0,0,1,0,1,0,0,0,0,0,1,0,1,0,0,0
2agpe181_c,0,1,1,0,0,1,0,0,0,0,0,1,1,0,1,1,1,0,0,1,0,1,0,0,1,0,0,1,0,1,0,0,0
nadhx__S_c,0,1,1,0,0,0,1,1,1,0,0,1,1,0,1,1,1,0,0,1,0,1,0,0,1,0,0,1,1,1,0,0,0
mal__L_c,0,1,1,0,0,1,0,1,1,0,0,1,1,0,1,1,1,0,0,1,0,1,0,0,1,0,0,1,1,1,0,0,0
ncam_c,0,1,1,0,0,0,0,1,1,0,0,1,1,0,1,1,1,0,0,1,0,1,0,0,1,0,0,1,1,1,0,0,0
sbzcoa_c,0,1,1,0,0,0,0,1,1,0,0,1,1,0,1,1,1,0,0,1,0,1,0,0,1,0,0,1,1,1,0,0,0
urdglyc_c,0,1,1,0,0,0,1,1,1,1,0,1,1,0,1,1,1,0,0,1,0,1,0,0,1,0,0,1,1,1,0,0,0
2agpe141_c,0,1,1,0,0,1,0,0,0,0,0,1,1,0,1,1,1,0,0,1,0,1,0,0,1,0,0,1,0,1,0,0,0
lipa_cold_c,0,1,1,0,0,1,0,0,0,0,0,1,0,0,1,1,1,0,0,1,0,1,0,0,0,0,0,1,0,1,0,0,0
pg120_c,0,1,1,0,0,1,0,0,0,0,0,1,1,0,1,1,1,0,0,1,0,1,0,0,1,0,0,1,0,1,0,0,0
dcyt_c,0,1,1,0,0,0,1,1,1,1,0,1,1,0,1,1,1,0,0,1,0,1,0,0,1,0,0,1,1,1,0,0,0
2agpe120_c,0,1,1,0,0,1,0,1,0,0,0,1,1,0,1,1,1,0,0,1,0,1,0,0,1,0,0,1,0,1,0,0,0
hdca_p,0,1,1,0,0,1,0,1,0,0,0,1,1,0,1,1,1,0,0,1,0,1,0,0,1,0,0,1,0,1,0,0,0
suchms_c,0,1,1,0,0,0,1,1,1,1,0,1,1,0,1,1,1,0,0,1,0,1,0,0,1,0,0,1,1,1,0,0,0
ura_e,0,1,1,0,0,0,0,1,1,0,0,1,1,0,1,1,1,0,0,1,0,1,0,0,1,0,0,1,1,1,0,0,0
alltn_e,0,1,1,0,0,0,1,1,1,1,0,1,1,0,1,1,1,0,0,1,0,1,0,0,1,0,0,1,1,1,0,0,0
dtdp4d6dm_c,0,1,1,0,0,1,0,1,0,0,0,1,1,0,1,1,1,0,0,1,0,1,0,0,1,0,0,1,1,1,0,0,0
amp_c,1,0,1,1,0,0,1,1,1,1,0,1,1,0,1,1,1,0,1,1,0,1,0,0,1,0,0,1,1,1,1,0,0
preq0_c,0,1,1,0,0,0,1,1,1,1,0,1,1,0,1,1,1,0,0,1,0,1,0,0,1,0,0,1,1,1,0,0,0
pg141_c,0,1,1,0,0,1,0,0,0,0,0,1,1,0,1,1,1,0,0,1,0,1,0,0,0,0,0,1,0,1,0,0,0
dgdp_c,1,0,1,1,0,0,1,1,1,1,0,1,1,0,1,1,1,0,1,1,0,1,0,0,1,0,0,1,1,1,1,0,0
2agpe161_p,0,1,1,0,0,0,1,1,1,0,0,1,1,0,1,1,1,0,0,1,0,1,0,0,1,0,0,1,1,1,0,0,0
ru5p__D_c,0,1,1,0,0,1,0,1,0,0,0,1,1,0,1,1,1,0,0,1,0,1,0,0,1,0,0,1,0,1,0,0,0
acetol_c,0,1,1,0,0,1,0,1,1,0,0,1,1,0,1,1,1,0,0,1,0,1,0,0,1,0,0,1,1,1,0,0,0
cph4_c,0,1,1,0,0,0,1,1,1,1,0,1,1,0,1,1,1,0,1,1,0,1,0,0,1,0,0,1,1,1,0,0,0
ac_e,0,1,1,0,0,1,0,1,1,0,0,1,1,0,1,1,1,0,0,1,0,1,0,0,1,0,0,1,1,1,0,0,0
pg181_c,0,1,1,0,0,1,0,0,0,0,0,1,1,0,1,1,1,0,0,1,0,1,0,0,0,0,0,1,0,1,0,0,0
urate_c,0,1,1,0,0,0,1,1,1,1,0,1,1,0,1,1,1,0,0,1,0,1,0,0,1,0,0,1,1,1,0,0,0
sucglu_c,0,1,1,0,0,1,0,1,1,0,0,1,1,0,1,1,1,0,0,1,0,1,0,0,1,0,0,1,1,1,0,0,0
succ_c,0,1,1,0,0,1,0,1,1,0,0,1,1,0,1,1,1,0,0,1,0,1,0,0,1,0,0,1,1,1,0,0,0
uacmam_c,1,1,1,0,0,1,0,1,1,0,0,1,1,0,1,1,1,0,0,1,0,1,0,0,1,0,0,1,1,1,0,0,0
fmnh2_c,0,1,1,0,0,1,0,1,0,0,0,1,1,0,1,1,1,0,0,1,0,1,0,0,1,0,0,1,0,1,0,0,0
chor_c,0,1,1,0,0,1,0,1,0,0,0,1,1,0,1,1,1,0,0,1,0,1,0,0,0,0,0,1,0,1,0,0,0
ttdca_p,0,1,1,0,0,1,0,1,0,0,0,1,1,0,1,1,1,0,0,1,0,1,0,0,1,0,0,1,1,1,0,0,0
tyr__L_e,0,1,1,0,0,1,0,1,0,0,0,1,1,0,1,1,1,0,0,1,0,1,0,0,1,0,0,1,0,1,0,0,0
forcoa_c,0,1,1,0,0,0,1,1,1,1,0,1,1,0,1,1,1,0,0,1,0,1,0,0,1,0,0,1,1,1,0,0,0
gua_c,0,1,1,0,0,0,1,1,1,1,0,1,1,0,1,1,1,0,0,1,0,1,0,0,1,0,0,1,1,1,0,0,0
ara5p_c,0,1,1,0,0,1,0,1,0,0,0,1,1,0,1,1,1,0,0,1,0,1,0,0,1,0,0,1,0,1,0,0,0
iasp_c,1,1,1,0,0,0,1,1,1,1,0,1,1,0,1,1,1,0,0,1,0,1,0,0,1,0,0,1,1,1,0,0,0
1agpg161_p,0,1,1,0,0,1,0,0,0,0,0,1,1,0,1,1,1,0,0,1,0,1,0,0,0,0,0,1,0,1,0,0,0
nac_c,0,1,1,0,0,1,0,1,1,0,0,1,1,0,1,1,1,0,0,1,0,1,0,0,1,0,0,1,1,1,0,0,0
actp_c,0,1,1,0,0,1,0,1,1,0,0,1,1,0,1,1,1,0,0,1,0,1,0,0,1,0,0,1,1,1,0,0,0
ps140_c,0,1,1,0,0,1,0,0,0,0,0,1,1,0,1,1,1,0,0,1,0,1,0,0,0,0,0,1,0,1,0,0,0
dimp_c,1,1,1,0,0,0,1,1,1,1,0,1,1,0,1,1,1,0,1,1,0,1,0,0,1,0,0,1,1,1,0,0,0
xtp_c,1,1,1,0,0,0,1,1,1,1,0,1,1,0,1,1,1,0,0,1,0,1,0,0,1,0,0,1,1,1,0,0,0
moco_c,0,1,1,0,0,0,1,1,1,1,0,1,1,0,1,1,1,0,0,1,0,1,0,0,1,0,0,1,1,1,0,0,0
ps180_c,0,1,1,0,0,1,0,0,0,0,0,1,1,0,1,1,1,0,0,1,0,1,0,0,0,0,0,1,0,1,0,0,0
2omph_c,0,1,1,0,0,1,0,0,0,0,0,1,1,0,1,1,1,0,0,1,0,1,0,0,0,0,0,1,0,1,0,0,0
uama_c,1,1,1,0,0,1,0,1,1,0,0,1,1,0,1,1,1,0,0,1,0,1,0,0,1,0,0,1,1,1,0,0,0
pgp160_p,0,1,1,0,0,1,0,0,0,0,0,1,1,0,1,1,1,0,0,1,0,1,0,0,0,0,0,1,0,1,0,0,0
q8_c,0,1,1,0,0,1,0,1,0,0,0,1,1,0,1,1,1,0,0,1,0,1,0,0,1,0,0,1,0,1,0,0,0
sucgsa_c,0,1,1,0,0,1,0,1,1,0,0,1,1,0,1,1,1,0,0,1,0,1,0,0,1,0,0,1,1,1,0,0,0
pgp180_c,0,1,1,0,0,1,0,0,0,0,0,1,1,0,1,1,1,0,0,1,0,1,0,0,0,0,0,1,0,1,0,0,0
air_c,1,1,1,0,0,0,1,1,1,1,0,1,1,0,1,1,1,0,1,1,0,1,0,0,1,0,0,1,1,1,0,0,0
ppgpp_c,1,0,1,1,0,0,1,1,1,1,0,1,1,0,1,1,1,0,1,1,0,1,0,0,1,0,0,1,1,1,1,0,0
kdolipid4_c,0,1,1,0,0,1,0,1,0,0,0,1,1,0,1,1,1,0,0,1,0,1,0,0,1,0,0,1,1,1,0,0,0
cdpdhdec9eg_c,0,1,1,0,0,1,0,0,0,0,0,1,1,0,1,1,1,0,0,1,0,1,0,0,0,0,0,1,0,1,0,0,0
sucorn_c,0,1,1,0,0,0,1,1,1,0,0,1,1,0,1,1,1,0,0,1,0,1,0,0,1,0,0,1,1,1,0,0,0
dtdprmn_c,0,1,1,0,0,1,0,1,1,0,0,1,1,0,1,1,1,0,0,1,0,1,0,0,1,0,0,1,1,1,0,0,0
ddca_p,0,1,1,0,0,1,0,1,0,0,0,1,1,0,1,1,1,0,0,1,0,1,0,0,1,0,0,1,1,1,0,0,0
cpg180_c,0,1,1,0,0,1,0,0,0,0,0,1,0,0,1,1,1,0,0,1,0,1,0,0,0,0,0,1,0,1,0,0,1
pgp140_c,0,1,1,0,0,1,0,0,0,0,0,1,1,0,1,1,1,0,0,1,0,1,0,0,0,0,0,1,0,1,0,0,0
cdg_c,1,1,1,0,0,0,1,1,1,1,0,1,1,0,1,1,1,0,1,1,0,1,0,0,1,0,0,1,1,1,0,0,0
fpram_c,1,0,1,1,0,0,1,1,1,1,0,1,1,0,1,1,1,0,1,1,0,1,0,0,1,0,0,1,1,1,1,0,0
nadphx__R_c,0,1,1,0,0,0,1,1,1,0,0,1,1,0,1,1,1,0,0,1,0,1,0,0,1,0,0,1,1,1,0,0,0
glyclt_e,0,1,1,0,0,0,0,1,1,0,0,1,1,0,1,1,1,0,0,1,0,1,0,0,1,0,0,1,1,1,0,0,0
pg140_p,0,1,1,0,0,1,0,0,0,0,0,1,1,0,1,1,1,0,0,1,0,1,0,0,0,0,0,1,0,1,0,0,0
xu5p__D_c,0,1,1,0,0,1,0,1,0,0,0,1,1,0,1,1,1,0,0,1,0,1,0,0,1,0,0,1,0,1,0,0,0
sucarg_c,0,0,1,1,0,0,1,1,1,1,0,1,1,0,1,1,1,0,1,1,0,1,0,0,1,0,0,1,1,1,1,0,0
pg180_p,0,1,1,0,0,1,0,0,0,0,0,1,1,0,1,1,1,0,0,1,0,1,0,0,0,0,0,1,0,1,0,0,0
2agpe160_c,0,1,1,0,0,1,0,0,0,0,0,1,1,0,1,1,1,0,0,1,0,1,0,0,1,0,0,1,0,1,0,0,0
dump_c,0,1,1,0,0,1,0,1,1,0,0,1,1,0,1,1,1,0,0,1,0,1,0,0,1,0,0,1,1,1,0,0,0
dtdp4addg_c,0,1,1,0,0,1,0,1,0,0,0,1,1,0,1,1,1,0,0,1,0,1,0,0,1,0,0,1,1,1,0,0,0
sl26da_c,0,1,1,0,0,0,1,1,1,1,0,1,1,0,1,1,1,0,0,1,0,1,0,0,1,0,0,1,1,1,0,0,0
dgtp_c,1,0,1,1,0,0,1,1,1,1,0,1,1,0,1,1,1,0,1,1,0,1,0,0,1,0,0,1,1,1,1,0,0
2agpe180_p,0,1,1,0,0,1,0,0,0,0,0,1,1,0,1,1,1,0,0,1,0,1,0,0,1,0,0,1,0,1,0,0,0
ribflv_c,0,1,1,0,0,1,0,1,1,0,0,1,1,0,1,1,1,0,0,1,0,1,0,0,1,0,0,1,1,1,0,0,0
h2o2_c,0,1,1,0,0,0,1,1,1,0,0,1,1,0,1,1,1,0,0,1,0,1,0,0,1,0,0,1,1,1,0,0,0
pg160_c,0,1,1,0,0,1,0,0,0,0,0,1,1,0,1,1,1,0,0,1,0,1,0,0,0,0,0,1,0,1,0,0,0
2agpe140_p,0,1,1,0,0,1,0,1,0,0,0,1,1,0,1,1,1,0,0,1,0,1,0,0,1,0,0,1,0,1,0,0,0
bwco1gdp_c,0,1,1,0,0,0,1,1,1,0,0,1,1,0,1,1,1,0,0,1,0,1,0,0,1,0,0,1,1,1,0,0,0
fgam_c,0,1,1,0,0,0,1,1,1,0,0,1,1,0,1,1,1,0,0,1,0,1,0,0,1,0,0,1,1,1,0,0,0
2p4c2me_c,0,1,1,0,0,1,0,1,1,0,0,1,1,0,1,1,1,0,0,1,0,1,0,0,1,0,0,1,1,1,0,0,0
cmp_c,0,1,1,0,0,0,1,1,1,1,0,1,1,0,1,1,1,0,0,1,0,1,0,0,1,0,0,1,1,1,0,0,0
gua_e,0,1,1,0,0,0,1,1,1,1,0,1,1,0,1,1,1,0,0,1,0,1,0,0,1,0,0,1,1,1,0,0,0
mococdp_c,1,0,1,1,0,0,1,1,1,1,0,1,1,0,1,1,1,0,1,1,0,1,0,0,1,0,0,1,1,1,1,0,0
tyr__L_c,0,1,1,0,0,1,0,1,0,0,0,1,1,0,1,1,1,0,0,1,0,1,0,0,1,0,0,1,0,1,0,0,0
wco_c,0,1,1,0,0,0,1,1,1,0,0,1,1,0,1,1,1,0,0,1,0,1,0,0,1,0,0,1,1,1,0,0,0
udpg_c,0,1,1,0,0,1,0,1,1,0,0,1,1,0,1,1,1,0,0,1,0,1,0,0,1,0,0,1,1,1,0,0,0
damp_c,1,0,1,1,0,0,1,1,1,1,0,1,1,0,1,1,1,0,1,1,0,1,0,0,1,0,0,1,1,1,1,0,0
ser__D_c,0,1,1,0,0,0,1,1,1,1,0,1,1,0,1,1,1,0,0,1,0,1,0,0,1,0,0,1,1,1,0,0,0
mththf_c,0,1,1,0,0,1,0,1,1,0,0,1,1,0,1,1,1,0,0,1,0,1,0,0,1,0,0,1,1,1,0,0,0
pydam_c,0,1,1,0,0,1,0,1,0,0,0,1,1,0,1,1,1,0,0,1,0,1,0,0,1,0,0,1,0,1,0,0,0
2agpe140_c,0,1,1,0,0,1,0,1,0,0,0,1,1,0,1,1,1,0,0,1,0,1,0,0,1,0,0,1,0,1,0,0,0
pg160_p,0,1,1,0,0,1,0,0,0,0,0,1,1,0,1,1,1,0,0,1,0,1,0,0,0,0,0,1,0,1,0,0,0
2agpe180_c,0,1,1,0,0,1,0,0,0,0,0,1,1,0,1,1,1,0,0,1,0,1,0,0,1,0,0,1,0,1,0,0,0
nadhx__R_c,0,1,1,0,0,0,1,1,1,0,0,1,1,0,1,1,1,0,0,1,0,1,0,0,1,0,0,1,1,1,0,0,0
dtmp_c,0,1,1,0,0,1,0,1,0,0,0,1,1,0,1,1,1,0,0,1,0,1,0,0,1,0,0,1,1,1,0,0,0
gdpddman_c,0,1,1,0,0,0,0,1,1,0,0,1,1,0,1,1,1,0,0,1,0,1,0,0,1,0,0,1,1,1,0,0,0
hisp_c,0,1,1,0,0,0,1,1,1,1,0,1,1,0,1,1,1,0,0,1,0,1,0,0,1,0,0,1,1,1,0,0,0
pppi_c,0,1,1,0,0,0,1,1,1,0,0,1,1,0,1,1,1,0,0,1,0,1,0,0,1,0,0,1,1,1,0,0,0
csn_c,0,1,1,0,0,0,1,1,1,0,0,1,1,0,1,1,1,0,0,1,0,1,0,0,1,0,0,1,1,1,0,0,0
adprib_c,1,0,1,1,0,0,1,1,1,1,0,1,1,0,1,1,1,0,1,1,0,1,0,0,1,0,0,1,1,1,1,0,0
malcoa_c,0,1,1,0,0,0,1,1,1,1,0,1,1,0,1,1,1,0,0,1,0,1,0,0,1,0,0,1,1,1,0,0,0
dnad_c,1,1,1,0,0,0,1,1,1,1,0,1,1,0,1,1,1,0,1,1,0,1,0,0,1,0,0,1,1,1,0,0,0
2agpe160_p,0,1,1,0,0,1,0,0,0,0,0,1,1,0,1,1,1,0,0,1,0,1,0,0,1,0,0,1,0,1,0,0,0
pg180_c,0,1,1,0,0,1,0,0,0,0,0,1,1,0,1,1,1,0,0,1,0,1,0,0,0,0,0,1,0,1,0,0,0
bmoco1gdp_c,0,1,1,0,0,0,1,1,1,0,0,1,1,0,1,1,1,0,0,1,0,1,0,0,1,0,0,1,1,1,0,0,0
pg140_c,0,1,1,0,0,1,0,0,0,0,0,1,1,0,1,1,1,0,0,1,0,1,0,0,0,0,0,1,0,1,0,0,0
preq1_c,0,1,1,0,0,0,1,1,1,1,0,1,1,0,1,1,1,0,0,1,0,1,0,0,1,0,0,1,1,1,0,0,0
ahdt_c,1,0,1,1,0,0,1,1,1,1,0,1,1,0,1,1,1,0,1,1,0,1,0,0,1,0,0,1,1,1,1,0,0
prpncoa_c,0,0,1,1,0,0,1,1,1,1,0,1,1,0,1,1,1,0,1,1,0,1,0,0,1,0,0,1,1,1,1,0,0
accoa_c,0,0,1,1,0,0,1,1,1,1,0,1,1,0,1,1,1,0,1,1,0,1,0,0,1,0,0,1,1,1,1,0,0
pgp140_p,0,1,1,0,0,1,0,0,0,0,0,1,1,0,1,1,1,0,0,1,0,1,0,0,0,0,0,1,0,1,0,0,0
fprica_c,0,1,1,0,0,0,1,1,1,1,0,1,1,0,1,1,1,0,0,1,0,1,0,0,1,0,0,1,1,1,0,0,0
dhnpt_c,1,1,1,0,0,0,1,1,1,1,0,1,1,0,1,1,1,0,1,1,0,1,0,0,1,0,0,1,1,1,0,0,0
sbt6p_c,0,1,1,0,0,0,0,1,1,0,0,1,1,0,1,1,1,0,0,1,0,1,0,0,1,0,0,1,1,1,0,0,0
glyclt_c,0,1,1,0,0,0,0,1,1,0,0,1,1,0,1,1,1,0,0,1,0,1,0,0,1,0,0,1,1,1,0,0,0
2dda7p_c,0,1,1,0,0,1,0,1,0,0,0,1,1,0,1,1,1,0,0,1,0,1,0,0,1,0,0,1,0,1,0,0,0
malcoame_c,0,1,1,0,0,0,1,1,1,0,0,1,1,0,1,1,1,0,0,1,0,1,0,0,1,0,0,1,1,1,0,0,0
1agpg181_p,0,1,1,0,0,1,0,0,0,0,0,1,1,0,1,1,1,0,0,1,0,1,0,0,0,0,0,1,0,1,0,0,0
prbatp_c,1,1,1,0,0,0,1,1,1,1,0,1,1,0,1,1,1,0,0,1,0,1,0,0,1,0,0,1,1,1,0,0,0
2mahmp_c,0,1,1,0,0,1,0,1,0,0,0,1,1,0,1,1,1,0,0,1,0,1,0,0,1,0,0,1,0,1,0,0,0
dmpp_c,0,1,1,0,0,1,0,1,1,0,0,1,1,0,1,1,1,0,0,1,0,1,0,0,1,0,0,1,1,1,0,0,0
ps160_c,0,1,1,0,0,1,0,0,0,0,0,1,1,0,1,1,1,0,0,1,0,1,0,0,0,0,0,1,0,1,0,0,0
seramp_c,1,0,1,1,0,0,1,1,1,1,0,1,1,0,1,1,1,0,1,1,0,1,0,0,1,0,0,1,1,1,1,0,0
pgp180_p,0,1,1,0,0,1,0,0,0,0,0,1,1,0,1,1,1,0,0,1,0,1,0,0,0,0,0,1,0,1,0,0,0
1agpg141_p,0,1,1,0,0,1,0,0,0,0,0,1,1,0,1,1,1,0,0,1,0,1,0,0,1,0,0,1,0,1,0,0,0
pgp160_c,0,1,1,0,0,1,0,0,0,0,0,1,1,0,1,1,1,0,0,1,0,1,0,0,0,0,0,1,0,1,0,0,0
orot5p_c,0,1,1,0,0,0,1,1,1,1,0,1,1,0,1,1,1,0,0,1,0,1,0,0,1,0,0,1,1,1,0,0,0
1agpg120_p,0,1,1,0,0,1,0,0,0,0,0,1,1,0,1,1,1,0,0,1,0,1,0,0,1,0,0,1,0,1,0,0,0
ap4a_c,1,0,1,1,0,0,1,1,1,1,0,1,1,0,1,1,1,0,1,1,0,1,0,0,1,0,0,1,1,1,1,0,0
prlp_c,1,0,1,1,0,0,1,1,1,1,0,1,1,0,1,1,1,0,1,1,0,1,0,0,1,0,0,1,1,1,1,0,0
uacgam_c,1,1,1,0,0,1,0,1,1,0,0,1,1,0,1,1,1,0,0,1,0,1,0,0,1,0,0,1,1,1,0,0,0
cdpdhdecg_c,0,1,1,0,0,1,0,0,0,0,0,1,1,0,1,1,1,0,0,1,0,1,0,0,0,0,0,1,0,1,0,0,0
gua_p,0,1,1,0,0,0,1,1,1,1,0,1,1,0,1,1,1,0,0,1,0,1,0,0,1,0,0,1,1,1,0,0,0
34hpp_c,0,1,1,0,0,1,0,1,0,0,0,1,1,0,1,1,1,0,0,1,0,1,0,0,1,0,0,1,0,1,0,0,0
cpg160_c,0,1,1,0,0,1,0,0,0,0,0,1,0,0,1,1,1,0,0,1,0,1,0,0,0,0,0,1,0,1,0,0,0
h_e,0,1,1,0,0,0,1,1,1,0,0,1,1,0,1,1,1,0,0,1,0,1,0,0,1,0,0,1,1,1,0,0,0
u23ga_c,0,1,1,0,0,1,0,0,0,0,0,1,1,0,1,1,1,0,0,1,0,1,0,0,1,0,0,1,0,1,0,0,0
cdigmp_c,0,1,1,0,0,0,1,1,1,0,0,1,1,0,1,1,1,0,0,1,0,1,0,0,1,0,0,1,1,1,0,0,0
g3pe_e,0,1,1,0,0,0,0,1,1,0,0,1,1,0,1,1,1,0,0,1,0,1,0,0,1,0,0,1,1,1,0,0,0
udpgal_c,0,1,1,0,0,1,0,1,1,0,0,1,1,0,1,1,1,0,0,1,0,1,0,0,1,0,0,1,1,1,0,0,0
2agpg181_c,0,1,1,0,0,1,0,0,0,0,0,1,1,0,1,1,1,0,0,1,0,1,0,0,1,0,0,1,0,1,0,0,0
3dhq_c,0,1,1,0,0,1,0,1,0,0,0,1,1,0,1,1,1,0,0,1,0,1,0,0,0,0,0,1,0,1,0,0,0
uamr_c,0,1,1,0,0,1,0,1,1,0,0,1,1,0,1,1,1,0,0,1,0,1,0,0,1,0,0,1,1,1,0,0,0
pe161_p,0,1,1,0,0,1,0,0,0,0,0,1,1,0,1,1,1,0,0,1,0,1,0,0,0,0,0,1,0,1,0,0,0
q8h2_c,0,1,1,0,0,1,0,0,0,0,0,1,1,0,1,1,1,0,0,1,0,1,0,0,0,0,0,1,0,1,0,0,0
ppap_c,0,1,1,0,0,1,0,1,1,0,0,1,1,0,1,1,1,0,0,1,0,1,0,0,1,0,0,1,1,1,0,0,0
adn_e,1,1,1,0,0,0,1,1,1,1,0,1,1,0,1,1,1,0,1,1,0,1,0,0,1,0,0,1,1,1,1,0,0
25drapp_c,1,0,1,1,0,0,1,1,1,1,0,1,1,0,1,1,1,0,1,1,0,1,0,0,1,0,0,1,1,1,1,0,0
nadp_c,1,0,1,1,0,0,1,1,1,1,0,1,1,0,1,1,1,0,1,1,0,1,0,0,1,0,0,1,1,1,1,0,0
pan4p_c,0,1,1,0,0,1,0,1,1,0,0,1,1,0,1,1,1,0,0,1,0,1,0,0,1,0,0,1,1,1,0,0,0
ugmd_c,1,1,1,0,0,1,0,1,1,0,0,1,1,0,1,1,1,0,0,1,0,1,0,0,1,0,0,1,1,1,0,0,0
pant__R_c,0,1,1,0,0,1,0,1,1,0,0,1,1,0,1,1,1,0,0,1,0,1,0,0,1,0,0,1,1,1,0,0,0
kdo2lipid4_e,0,1,1,0,0,1,0,1,0,0,0,1,1,0,1,1,1,0,0,1,0,1,0,0,1,0,0,1,1,1,0,0,0
duri_c,0,1,1,0,0,1,0,1,1,0,0,1,1,0,1,1,1,0,0,1,0,1,0,0,1,0,0,1,1,1,0,0,0
ametam_c,0,1,1,0,0,0,1,1,1,1,0,1,1,0,1,1,1,0,1,1,0,1,0,0,1,0,0,1,1,1,0,0,0
pe120_c,0,1,1,0,0,1,0,0,0,0,0,1,1,0,1,1,1,0,0,1,0,1,0,0,1,0,0,1,0,1,0,0,0
grdp_c,0,1,1,0,0,1,0,1,0,0,0,1,1,0,1,1,1,0,0,1,0,1,0,0,1,0,0,1,1,1,0,0,0
frdp_c,0,1,1,0,0,1,0,1,1,0,0,1,1,0,1,1,1,0,0,1,0,1,0,0,1,0,0,1,1,1,0,0,0
12ppd__R_e,0,1,1,0,0,0,0,1,1,0,0,1,1,0,1,1,1,0,0,1,0,1,0,0,1,0,0,1,1,1,0,0,0
2agpg120_c,0,1,1,0,0,0,1,1,1,0,0,1,1,0,1,1,1,0,0,1,0,1,0,0,1,0,0,1,1,1,0,0,0
thymd_c,0,1,1,0,0,1,0,1,1,0,0,1,1,0,1,1,1,0,0,1,0,1,0,0,1,0,0,1,1,1,0,0,0
pe141_c,0,1,1,0,0,1,0,0,0,0,0,1,1,0,1,1,1,0,0,1,0,1,0,0,1,0,0,1,0,1,0,0,0
itp_c,1,0,1,0,0,0,1,1,1,1,0,1,1,0,1,1,1,0,1,1,0,1,0,0,1,0,0,1,1,1,1,0,0
aps_c,1,0,1,1,0,0,1,1,1,1,0,1,1,0,1,1,1,0,1,1,0,1,0,0,1,0,0,1,1,1,1,0,0
micit_c,0,1,1,0,0,1,0,1,1,0,0,1,1,0,1,1,1,0,0,1,0,1,0,0,1,0,0,1,1,1,0,0,0
adphep_LD_c,1,0,1,1,0,0,1,1,1,1,0,1,1,0,1,1,1,0,1,1,0,1,0,0,1,0,0,1,1,1,1,0,0
ckdo_c,0,1,1,0,0,0,1,1,1,1,0,1,1,0,1,1,1,0,0,1,0,1,0,0,1,0,0,1,1,1,0,0,0
gsn_e,1,0,1,1,0,0,1,1,1,1,0,1,1,0,1,1,1,0,1,1,0,1,0,0,1,0,0,1,1,1,1,0,0
pe181_c,0,1,1,0,0,1,0,0,0,0,0,1,1,0,1,1,1,0,0,1,0,1,0,0,0,0,0,1,0,1,0,0,0
dhmptp_c,1,0,1,1,0,0,1,1,1,1,0,1,1,0,1,1,1,0,1,1,0,1,0,0,1,0,0,1,1,1,1,0,0
oxur_c,0,1,1,0,0,0,1,1,1,1,0,1,1,0,1,1,1,0,0,1,0,1,0,0,1,0,0,1,1,1,0,0,0
for_c,0,1,1,0,0,0,0,1,1,0,0,1,1,0,1,1,1,0,0,1,0,1,0,0,1,0,0,1,1,1,0,0,0
2agpg161_p,0,1,1,0,0,0,1,1,1,0,0,1,1,0,1,1,1,0,0,1,0,1,0,0,1,0,0,1,1,1,0,0,0
quln_c,0,1,1,0,0,1,0,1,0,0,0,1,1,0,1,1,1,0,0,1,0,1,0,0,1,0,0,1,0,1,0,0,0
fum_c,0,1,1,0,0,1,0,1,1,0,0,1,1,0,1,1,1,0,0,1,0,1,0,0,1,0,0,1,1,1,0,0,0
2mcacn_c,0,1,1,0,0,0,0,1,1,0,0,1,1,0,1,1,1,0,0,1,0,1,0,0,1,0,0,1,1,1,0,0,0
2dr1p_c,0,1,1,0,0,0,1,1,1,0,0,1,1,0,1,1,1,0,0,1,0,1,0,0,1,0,0,1,1,1,0,0,0
1agpe140_p,0,1,1,0,0,1,0,0,0,0,0,1,1,0,1,1,1,0,0,1,0,1,0,0,1,0,0,1,0,1,0,0,0
25aics_c,1,1,1,0,0,0,1,1,1,1,0,1,1,0,1,1,1,0,0,1,0,1,0,0,1,0,0,1,1,1,0,0,0
dctp_c,0,1,1,0,0,0,1,1,1,1,0,1,1,0,1,1,1,0,0,1,0,1,0,0,1,0,0,1,1,1,0,0,0
rbl__D_c,0,1,1,0,0,1,0,1,1,0,0,1,1,0,1,1,1,0,0,1,0,1,0,0,1,0,0,1,1,1,0,0,0
dadp_c,1,0,1,1,0,0,1,1,1,1,0,1,1,0,1,1,1,0,1,1,0,1,0,0,1,0,0,1,1,1,1,0,0
udpglcur_c,0,1,1,0,0,1,0,1,0,0,0,1,1,0,1,1,1,0,0,1,0,1,0,0,1,0,0,1,0,1,0,0,0
mmcoa__S_c,0,0,1,1,0,0,1,1,1,1,0,1,1,0,1,1,1,0,1,1,0,1,0,0,1,0,0,1,1,1,1,0,0
aicar_c,0,1,1,0,0,0,1,1,1,1,0,1,1,0,1,1,1,0,0,1,0,1,0,0,1,0,0,1,1,1,0,0,0
skm5p_c,0,1,0,0,0,1,0,1,0,0,0,1,1,0,1,1,1,0,0,1,0,1,0,0,0,0,0,1,0,1,0,0,1
hemeO_c,0,1,1,0,0,1,0,1,1,0,0,1,1,0,1,1,1,0,0,1,0,1,0,0,1,0,0,1,1,1,0,0,0
gmp_c,1,0,1,1,0,0,1,1,1,1,0,1,1,0,1,1,1,0,1,1,0,1,0,0,1,0,0,1,1,1,1,0,0
ppcoa_c,0,0,1,1,0,0,1,1,1,1,0,1,1,0,1,1,1,0,1,1,0,1,0,0,1,0,0,1,1,1,1,0,0
btn_c,0,1,1,0,0,1,0,1,0,0,0,1,1,0,1,1,1,0,0,1,0,1,0,0,1,0,0,1,0,1,0,0,0
1agpe180_p,0,1,1,0,0,1,0,0,0,0,0,1,1,0,1,1,1,0,0,1,0,1,0,0,1,0,0,1,0,1,0,0,0
hxan_c,0,1,1,0,0,0,1,1,1,1,0,1,1,0,1,1,1,0,0,1,0,1,0,0,1,0,0,1,1,1,0,0,0
dtdp_c,0,1,1,0,0,1,0,1,0,0,0,1,1,0,1,1,1,0,0,1,0,1,0,0,1,0,0,1,1,1,0,0,0
5pg35pg_c,1,0,1,1,0,0,1,1,1,1,0,1,1,0,1,1,1,0,1,1,0,1,0,0,1,0,0,1,1,1,1,0,0
kdo2lipid4_p,0,1,1,0,0,1,0,1,0,0,0,1,1,0,1,1,1,0,0,1,0,1,0,0,1,0,0,1,1,1,0,0,0
nadph_c,1,1,1,0,0,0,1,1,1,1,0,1,1,0,1,1,1,0,0,1,0,1,0,0,1,0,0,1,1,1,0,0,0
2mcit_c,0,1,1,0,0,1,0,1,1,0,0,1,1,0,1,1,1,0,0,1,0,1,0,0,1,0,0,1,1,1,0,0,0
xan_e,0,1,1,0,0,0,1,1,1,1,0,1,1,0,1,1,1,0,0,1,0,1,0,0,1,0,0,1,1,1,0,0,0
adn_p,1,1,1,0,0,0,1,1,1,1,0,1,1,0,1,1,1,0,1,1,0,1,0,0,1,0,0,1,1,1,1,0,0
utp_c,0,1,1,0,0,1,0,1,1,0,0,1,1,0,1,1,1,0,0,1,0,1,0,0,1,0,0,1,1,1,0,0,0
phpyr_c,0,1,1,0,0,1,0,1,0,0,0,1,1,0,1,1,1,0,0,1,0,1,0,0,1,0,0,1,0,1,0,0,0
g3pg_e,0,1,1,0,0,0,0,1,1,0,0,1,1,0,1,1,1,0,0,1,0,1,0,0,1,0,0,1,1,1,0,0,0
4ppcys_c,1,1,1,0,0,1,0,1,1,0,0,1,1,0,1,1,1,0,0,1,0,1,0,0,1,0,0,1,1,1,0,0,0
5mthf_c,1,1,1,0,0,0,1,1,1,1,0,1,1,0,1,1,1,0,0,1,0,1,0,0,1,0,0,1,1,1,0,0,0
pdx5p_c,0,1,1,0,0,1,0,1,0,0,0,1,1,0,1,1,1,0,0,1,0,1,0,0,1,0,0,1,0,1,0,0,0
pnto__R_c,0,1,1,0,0,1,0,1,1,0,0,1,1,0,1,1,1,0,0,1,0,1,0,0,1,0,0,1,1,1,0,0,0
pydx_c,0,1,1,0,0,1,0,1,0,0,0,1,1,0,1,1,1,0,0,1,0,1,0,0,1,0,0,1,0,1,0,0,0
ugmda_c,1,1,1,0,0,1,0,1,1,0,0,1,1,0,1,1,1,0,0,1,0,1,0,0,1,0,0,1,1,1,0,0,0
adn_c,1,1,1,0,0,0,1,1,1,1,0,1,1,0,1,1,1,0,1,1,0,1,0,0,1,0,0,1,1,1,1,0,0
dudp_c,0,1,1,0,0,1,0,1,1,0,0,1,1,0,1,1,1,0,0,1,0,1,0,0,1,0,0,1,1,1,0,0,0
rbflvrd_c,0,1,1,0,0,1,0,1,0,0,0,1,1,0,1,1,1,0,0,1,0,1,0,0,1,0,0,1,0,1,0,0,0
kdo2lipid4_c,0,1,1,0,0,1,0,1,0,0,0,1,1,0,1,1,1,0,0,1,0,1,0,0,1,0,0,1,1,1,0,0,0
1agpe160_p,0,1,1,0,0,1,0,0,0,0,0,1,1,0,1,1,1,0,0,1,0,1,0,0,1,0,0,1,0,1,0,0,0
thmnp_c,1,1,1,0,0,0,1,1,1,1,0,1,1,0,1,1,1,0,1,1,0,1,0,0,1,0,0,1,1,1,0,0,0
23ddhb_c,0,1,1,0,0,1,0,1,0,0,0,1,1,0,1,1,1,0,0,1,0,1,0,0,1,0,0,1,0,1,0,0,0
thymd_e,0,1,1,0,0,1,0,1,1,0,0,1,1,0,1,1,1,0,0,1,0,1,0,0,1,0,0,1,1,1,0,0,0
phthr_c,0,1,1,0,0,0,1,1,1,1,0,1,1,0,1,1,1,0,0,1,0,1,0,0,1,0,0,1,1,1,0,0,0
mocogdp_c,1,0,1,1,0,0,1,1,1,1,0,1,1,0,1,1,1,0,1,1,0,1,0,0,1,0,0,1,1,1,1,0,0
gsn_c,1,0,1,1,0,0,1,1,1,1,0,1,1,0,1,1,1,0,1,1,0,1,0,0,1,0,0,1,1,1,1,0,0
atp_c,1,0,1,1,0,0,1,1,1,1,0,1,1,0,1,1,1,0,1,1,0,1,0,0,1,0,0,1,1,1,1,0,0
4ppan_c,0,1,1,0,0,1,0,1,1,0,0,1,1,0,1,1,1,0,0,1,0,1,0,0,1,0,0,1,1,1,0,0,0
for_e,0,1,1,0,0,0,0,1,1,0,0,1,1,0,1,1,1,0,0,1,0,1,0,0,1,0,0,1,1,1,0,0,0
fum_e,0,1,1,0,0,1,0,1,1,0,0,1,1,0,1,1,1,0,0,1,0,1,0,0,1,0,0,1,1,1,0,0,0
dhgly_c,0,1,1,0,0,0,1,1,1,1,0,1,1,0,1,1,1,0,0,1,0,1,0,0,1,0,0,1,1,1,0,0,0
um4p_c,1,1,1,0,0,1,0,1,1,0,0,1,1,0,1,1,1,0,0,1,0,1,0,0,1,0,0,1,1,1,0,0,0
uaccg_c,0,1,1,0,0,1,0,0,0,0,0,1,1,0,1,1,1,0,0,1,0,1,0,0,1,0,0,1,0,1,0,0,0
cdp_c,0,1,1,0,0,0,1,1,1,1,0,1,1,0,1,1,1,0,0,1,0,1,0,0,1,0,0,1,1,1,0,0,0
coa_c,0,1,1,0,0,0,1,1,1,1,0,1,1,0,1,1,1,0,0,1,0,1,0,0,1,0,0,1,1,1,0,0,0
cdpdtdec7eg_c,0,1,1,0,0,1,0,0,0,0,0,1,1,0,1,1,1,0,0,1,0,1,0,0,0,0,0,1,0,1,0,0,0
gdpfuc_c,0,1,1,0,0,0,0,1,1,0,0,1,1,0,1,1,1,0,0,1,0,1,0,0,1,0,0,1,1,1,0,0,0
kdo_c,0,1,1,0,0,1,0,1,0,0,0,1,1,0,1,1,1,0,0,1,0,1,0,0,1,0,0,1,0,1,0,0,0
2agpg161_c,0,1,1,0,0,0,1,1,1,0,0,1,1,0,1,1,1,0,0,1,0,1,0,0,1,0,0,1,1,1,0,0,0
pe181_p,0,1,1,0,0,1,0,0,0,0,0,1,1,0,1,1,1,0,0,1,0,1,0,0,0,0,0,1,0,1,0,0,0
5caiz_c,1,1,1,0,0,0,1,1,1,1,0,1,1,0,1,1,1,0,1,1,0,1,0,0,1,0,0,1,1,1,0,0,0
didp_c,1,1,1,0,0,0,1,1,1,1,0,1,1,0,1,1,1,0,1,1,0,1,0,0,1,0,0,1,1,1,1,0,0
kdo8p_c,0,1,1,0,0,1,0,1,0,0,0,1,1,0,1,1,1,0,0,1,0,1,0,0,1,0,0,1,0,1,0,0,0
pe141_p,0,1,1,0,0,1,0,0,0,0,0,1,1,0,1,1,1,0,0,1,0,1,0,0,1,0,0,1,0,1,0,0,0
dhpt_c,1,0,1,1,0,0,1,1,1,1,0,1,1,0,1,1,1,0,1,1,0,1,0,0,1,0,0,1,1,1,1,0,0
udpLa4o_c,0,1,1,0,0,1,0,1,0,0,0,1,1,0,1,1,1,0,0,1,0,1,0,0,1,0,0,1,0,1,0,0,0
2agpg120_p,0,1,1,0,0,0,1,1,1,0,0,1,1,0,1,1,1,0,0,1,0,1,0,0,1,0,0,1,1,1,0,0,0
6hmhpt_c,0,1,1,0,0,0,1,1,1,1,0,1,1,0,1,1,1,0,0,1,0,1,0,0,1,0,0,1,1,1,0,0,0
hxan_e,0,1,1,0,0,0,1,1,1,1,0,1,1,0,1,1,1,0,0,1,0,1,0,0,1,0,0,1,1,1,0,0,0
pe120_p,0,1,1,0,0,1,0,0,0,0,0,1,1,0,1,1,1,0,0,1,0,1,0,0,1,0,0,1,0,1,0,0,0
2fe2s_c,0,1,1,0,0,0,1,1,1,0,0,1,1,0,1,1,1,0,0,1,0,1,0,0,1,0,0,1,1,1,0,0,0
2agpg141_p,0,1,1,0,0,1,0,0,0,0,0,1,1,0,1,1,1,0,0,1,0,1,0,0,1,0,0,1,0,1,0,0,0
pe161_c,0,1,1,0,0,1,0,0,0,0,0,1,1,0,1,1,1,0,0,1,0,1,0,0,0,0,0,1,0,1,0,0,0
2agpg181_p,0,1,1,0,0,1,0,0,0,0,0,1,1,0,1,1,1,0,0,1,0,1,0,0,1,0,0,1,0,1,0,0,0
pydxn_c,0,1,1,0,0,1,0,1,0,0,0,1,1,0,1,1,1,0,0,1,0,1,0,0,1,0,0,1,0,1,0,0,0
2amsa_c,0,1,1,0,0,0,1,1,1,1,0,1,1,0,1,1,1,0,0,1,0,1,0,0,1,0,0,1,1,1,0,0,0
oxam_c,0,1,1,0,0,0,1,1,1,0,0,1,1,0,1,1,1,0,0,1,0,1,0,0,1,0,0,1,1,1,0,0,0
2ohph_c,0,1,1,0,0,1,0,1,1,0,0,1,1,0,1,1,1,0,0,1,0,1,0,0,1,0,0,1,1,1,0,0,0
14dhncoa_c,0,1,1,0,0,0,1,1,1,1,0,1,1,0,1,1,1,0,0,1,0,1,0,0,1,0,0,1,1,1,0,0,0
1agpe181_p,0,1,1,0,0,1,0,0,0,0,0,1,1,0,1,1,1,0,0,1,0,1,0,0,1,0,0,1,0,1,0,0,0
aacoa_c,0,0,1,1,0,0,1,1,1,1,0,1,1,0,1,1,1,0,1,1,0,1,0,0,1,0,0,1,1,1,1,0,0
hdcea_p,0,1,1,0,0,1,0,1,0,0,0,1,1,0,1,1,1,0,0,1,0,1,0,0,1,0,0,1,0,1,0,0,0
pyr_e,0,1,1,0,0,1,0,1,1,0,0,1,1,0,1,1,1,0,0,1,0,1,0,0,1,0,0,1,1,1,0,0,0
4mpetz_c,0,1,1,0,0,1,0,1,1,0,0,1,1,0,1,1,1,0,0,1,0,1,0,0,1,0,0,1,1,1,0,0,0
dutp_c,0,1,1,0,0,1,0,1,1,0,0,1,1,0,1,1,1,0,0,1,0,1,0,0,1,0,0,1,1,1,0,0,0
2tpr3dpcoa_c,1,0,1,0,0,0,1,1,1,1,0,1,1,0,1,1,1,0,1,1,0,1,0,0,1,0,0,1,1,1,0,0,0
dhpmp_c,1,1,1,0,0,0,1,1,1,1,0,1,1,0,1,1,1,0,1,1,0,1,0,0,1,0,0,1,1,1,0,0,0
pyam5p_c,0,1,1,0,0,1,0,1,1,0,0,1,1,0,1,1,1,0,0,1,0,1,0,0,1,0,0,1,1,1,0,0,0
ins_p,0,1,1,0,0,0,1,1,1,1,0,1,1,0,1,1,1,0,0,1,0,1,0,0,1,0,0,1,1,1,0,0,0
4ampm_c,0,1,1,0,0,1,0,1,1,0,0,1,1,0,1,1,1,0,0,1,0,1,0,0,1,0,0,1,1,1,0,0,0
cdpdtdecg_c,0,1,1,0,0,1,0,0,0,0,0,1,1,0,1,1,1,0,0,1,0,1,0,0,0,0,0,1,0,1,0,0,0
1agpe141_p,0,1,1,0,0,1,0,0,0,0,0,1,1,0,1,1,1,0,0,1,0,1,0,0,1,0,0,1,0,1,0,0,0
phe__L_c,0,1,1,0,0,1,0,1,1,0,0,1,1,0,1,1,1,0,0,1,0,1,0,0,1,0,0,1,1,1,0,0,0
glx_c,0,1,1,0,0,0,0,1,1,0,0,1,1,0,1,1,1,0,0,1,0,1,0,0,1,0,0,1,1,1,0,0,0
h2mb4p_c,0,1,1,0,0,0,0,1,1,0,0,1,1,0,1,1,1,0,0,1,0,1,0,0,1,0,0,1,1,1,0,0,0
ahcys_c,1,0,1,1,0,0,1,1,1,1,0,1,1,0,1,1,1,0,1,1,0,1,0,0,1,0,0,1,1,1,1,0,0
fmn_c,0,1,1,0,0,1,0,1,1,0,0,1,1,0,1,1,1,0,0,1,0,1,0,0,1,0,0,1,1,1,0,0,0
ctp_c,0,1,1,0,0,0,1,1,1,1,0,1,1,0,1,1,1,0,0,1,0,1,0,0,1,0,0,1,1,1,0,0,0
his__L_c,1,1,1,0,0,0,1,1,1,1,0,1,1,0,1,1,1,0,0,1,0,1,0,0,1,0,0,1,1,1,0,0,0
4fe4s_c,1,0,1,1,0,0,1,1,1,1,0,1,1,0,1,1,1,0,1,1,0,1,0,0,1,0,0,1,1,1,1,0,0
adp_c,1,0,1,1,0,0,1,1,1,1,0,1,1,0,1,1,1,0,1,1,0,1,0,0,1,0,0,1,1,1,1,0,0
trp__L_e,0,1,1,0,0,0,1,1,1,1,0,1,1,0,1,1,1,0,1,1,0,1,0,0,1,0,0,1,1,1,0,0,0
1agpe120_p,0,1,1,0,0,1,0,1,0,0,0,1,1,0,1,1,1,0,0,1,0,1,0,0,1,0,0,1,0,1,0,0,0
adpglc_c,1,0,1,1,0,0,1,1,1,1,0,1,1,0,1,1,1,0,1,1,0,1,0,0,1,0,0,1,1,1,1,0,0
dha_e,0,1,1,0,0,0,0,1,1,0,0,1,1,0,1,1,1,0,0,1,0,1,0,0,1,0,0,1,1,1,0,0,0
dgmp_c,1,0,1,1,0,0,1,1,1,1,0,1,1,0,1,1,1,0,1,1,0,1,0,0,1,0,0,1,1,1,1,0,0
nadh_c,1,1,1,0,0,0,1,1,1,1,0,1,1,0,1,1,1,0,0,1,0,1,0,0,1,0,0,1,1,1,0,0,0
cpe160_c,0,1,1,0,0,1,0,0,0,0,0,1,1,0,1,1,1,0,0,1,0,1,0,0,0,0,0,1,0,1,0,0,0
cpmp_c,1,0,1,1,0,0,1,1,1,1,0,1,1,0,1,1,1,0,1,1,0,1,0,0,1,0,0,1,1,1,1,0,0
hpyr_c,0,1,1,0,0,1,0,1,1,0,0,1,1,0,1,1,1,0,0,1,0,1,0,0,1,0,0,1,1,1,0,0,0
dtdpglu_c,0,1,1,0,0,1,0,1,0,0,0,1,1,0,1,1,1,0,0,1,0,1,0,0,1,0,0,1,1,1,0,0,0
xmp_c,0,1,1,0,0,0,1,1,1,1,0,1,1,0,1,1,1,0,0,1,0,1,0,0,1,0,0,1,1,1,0,0,0
12dgr181_c,0,1,1,0,0,1,0,0,0,0,0,1,1,0,1,1,1,0,0,1,0,1,0,0,0,0,0,1,0,1,0,0,0
ditp_c,1,0,1,0,0,0,1,1,1,1,0,1,1,0,1,1,1,0,1,1,0,1,0,0,1,0,0,1,1,1,1,0,0
dtdp4aaddg_c,0,1,1,0,0,1,0,1,0,0,0,1,1,0,1,1,1,0,0,1,0,1,0,0,1,0,0,1,1,1,0,0,0
2dmmq8_c,0,1,1,0,0,1,0,1,1,0,0,1,1,0,1,1,1,0,0,1,0,1,0,0,1,0,0,1,1,1,0,0,0
orot_c,0,1,1,0,0,1,0,1,1,0,0,1,1,0,1,1,1,0,0,1,0,1,0,0,1,0,0,1,1,1,0,0,0
2dhp_c,0,1,1,0,0,1,0,1,1,0,0,1,1,0,1,1,1,0,0,1,0,1,0,0,1,0,0,1,1,1,0,0,0
2agpg180_c,0,1,1,0,0,1,0,0,0,0,0,1,1,0,1,1,1,0,0,1,0,1,0,0,0,0,0,1,0,1,0,0,0
pe160_p,0,1,1,0,0,1,0,0,0,0,0,1,1,0,1,1,1,0,0,1,0,1,0,0,0,0,0,1,0,1,0,0,0
ppa_c,0,1,1,0,0,1,0,1,1,0,0,1,1,0,1,1,1,0,0,1,0,1,0,0,1,0,0,1,1,1,0,0,0
cytd_e,0,1,1,0,0,0,1,1,1,1,0,1,1,0,1,1,1,0,0,1,0,1,0,0,1,0,0,1,1,1,0,0,0
5aprbu_c,1,1,1,0,0,0,1,1,1,1,0,1,1,0,1,1,1,0,1,1,0,1,0,0,1,0,0,1,1,1,0,0,0
arab__D_c,0,1,1,0,0,1,0,1,1,0,0,1,1,0,1,1,1,0,0,1,0,1,0,0,1,0,0,1,1,1,0,0,0
unagamuf_p,0,1,1,0,0,1,0,0,0,0,0,1,1,0,1,1,1,0,0,1,0,1,0,0,0,0,0,1,0,1,0,0,0
ins_e,0,1,1,0,0,0,1,1,1,1,0,1,1,0,1,1,1,0,0,1,0,1,0,0,1,0,0,1,1,1,0,0,0
pe180_c,0,1,1,0,0,1,0,0,0,0,0,1,1,0,1,1,1,0,0,1,0,1,0,0,0,0,0,1,0,1,0,0,0
dpcoa_c,0,1,1,0,0,0,1,1,1,1,0,1,1,0,1,1,1,0,0,1,0,1,0,0,1,0,0,1,1,1,0,0,0
2agpg160_p,0,1,1,0,0,1,0,0,0,0,0,1,1,0,1,1,1,0,0,1,0,1,0,0,1,0,0,1,0,1,0,0,0
pe140_c,0,1,1,0,0,1,0,0,0,0,0,1,1,0,1,1,1,0,0,1,0,1,0,0,1,0,0,1,0,1,0,0,0
4hbz_c,0,1,1,0,0,1,0,1,0,0,0,1,1,0,1,1,1,0,0,1,0,1,0,0,1,0,0,1,0,1,0,0,0
5apru_c,1,1,1,0,0,0,1,1,1,1,0,1,1,0,1,1,1,0,1,1,0,1,0,0,1,0,0,1,1,1,0,0,0
skm_c,0,1,1,0,0,1,0,1,0,0,0,1,1,0,1,1,1,0,0,1,0,1,0,0,0,0,0,1,0,1,0,0,0
12dgr161_p,0,1,1,0,0,1,0,0,0,0,0,1,1,0,1,1,1,0,0,1,0,1,0,0,0,0,0,1,0,1,0,0,0
uri_c,0,1,1,0,0,1,0,1,1,0,0,1,1,0,1,1,1,0,0,1,0,1,0,0,1,0,0,1,1,1,0,0,0
12ppd__S_e,0,1,1,0,0,0,0,1,1,0,0,1,1,0,1,1,1,0,0,1,0,1,0,0,1,0,0,1,1,1,0,0,0
udpLa4n_c,0,1,1,0,0,1,0,1,1,0,0,1,1,0,1,1,1,0,0,1,0,1,0,0,1,0,0,1,1,1,0,0,0
adphep_DD_c,1,0,1,1,0,0,1,1,1,1,0,1,1,0,1,1,1,0,1,1,0,1,0,0,1,0,0,1,1,1,1,0,0
dtdp4d6dg_c,0,1,1,0,0,1,0,1,0,0,0,1,1,0,1,1,1,0,0,1,0,1,0,0,1,0,0,1,1,1,0,0,0
uri_p,0,1,1,0,0,1,0,1,1,0,0,1,1,0,1,1,1,0,0,1,0,1,0,0,1,0,0,1,1,1,0,0,0
12dgr161_c,0,1,1,0,0,1,0,0,0,0,0,1,1,0,1,1,1,0,0,1,0,1,0,0,0,0,0,1,0,1,0,0,0
2dr5p_c,0,1,1,0,0,1,0,1,0,0,0,1,1,0,1,1,1,0,0,1,0,1,0,0,1,0,0,1,0,1,0,0,0
4hbz_p,0,1,1,0,0,1,0,1,0,0,0,1,1,0,1,1,1,0,0,1,0,1,0,0,1,0,0,1,0,1,0,0,0
glyc_e,0,1,1,0,0,0,0,1,1,0,0,1,1,0,1,1,1,0,0,1,0,1,0,0,1,0,0,1,1,1,0,0,0
pe140_p,0,1,1,0,0,1,0,0,0,0,0,1,1,0,1,1,1,0,0,1,0,1,0,0,1,0,0,1,0,1,0,0,0
prbamp_c,1,1,1,0,0,0,1,1,1,1,0,1,1,0,1,1,1,0,0,1,0,1,0,0,1,0,0,1,1,1,0,0,0
histd_c,0,1,1,0,0,0,1,1,1,1,0,1,1,0,1,1,1,0,0,1,0,1,0,0,1,0,0,1,1,1,0,0,0
pe180_p,0,1,1,0,0,1,0,0,0,0,0,1,1,0,1,1,1,0,0,1,0,1,0,0,0,0,0,1,0,1,0,0,0
athtp_c,1,1,1,0,0,0,0,1,1,0,0,1,1,0,1,1,1,0,0,1,0,1,0,0,1,0,0,1,1,1,0,0,0
phe__L_e,0,1,1,0,0,1,0,1,1,0,0,1,1,0,1,1,1,0,0,1,0,1,0,0,1,0,0,1,1,1,0,0,0
fmn_e,0,1,1,0,0,1,0,1,1,0,0,1,1,0,1,1,1,0,0,1,0,1,0,0,1,0,0,1,1,1,0,0,0
db4p_c,0,1,1,0,0,1,0,1,1,0,0,1,1,0,1,1,1,0,0,1,0,1,0,0,1,0,0,1,1,1,0,0,0
rhcys_c,0,1,1,0,0,1,0,1,1,0,0,1,1,0,1,1,1,0,0,1,0,1,0,0,1,0,0,1,1,1,0,0,0
trp__L_c,0,1,1,0,0,0,1,1,1,1,0,1,1,0,1,1,1,0,1,1,0,1,0,0,1,0,0,1,1,1,0,0,0
pe160_c,0,1,1,0,0,1,0,0,0,0,0,1,1,0,1,1,1,0,0,1,0,1,0,0,0,0,0,1,0,1,0,0,0
gdptp_c,1,0,1,1,0,0,1,1,1,1,0,1,1,0,1,1,1,0,1,1,0,1,0,0,1,0,0,1,1,1,1,0,0
u3aga_c,0,1,1,0,0,1,0,0,0,0,0,1,1,0,1,1,1,0,0,1,0,1,0,0,0,0,0,1,0,1,0,0,0
idp_c,1,1,1,0,0,0,1,1,1,1,0,1,1,0,1,1,1,0,1,1,0,1,0,0,1,0,0,1,1,1,1,0,0
succoa_c,0,1,1,0,0,0,1,1,1,1,0,1,1,0,1,1,1,0,0,1,0,1,0,0,1,0,0,1,1,1,0,0,0
2agpg140_p,0,1,1,0,0,1,0,0,0,0,0,1,1,0,1,1,1,0,0,1,0,1,0,0,1,0,0,1,0,1,0,0,0
12dgr181_p,0,1,1,0,0,1,0,0,0,0,0,1,1,0,1,1,1,0,0,1,0,1,0,0,0,0,0,1,0,1,0,0,0
nmn_c,0,1,1,0,0,0,1,1,1,1,0,1,1,0,1,1,1,0,0,1,0,1,0,0,1,0,0,1,1,1,0,0,0
1agpe161_p,0,1,1,0,0,1,0,0,0,0,0,1,1,0,1,1,1,0,0,1,0,1,0,0,1,0,0,1,0,1,0,0,0
dttp_c,0,1,1,0,0,1,0,1,0,0,0,1,1,0,1,1,1,0,0,1,0,1,0,0,1,0,0,1,0,1,0,0,0
thmpp_c,0,1,1,0,0,1,0,1,1,0,0,1,1,0,1,1,1,0,0,1,0,1,0,0,1,0,0,1,1,1,0,0,0
pap_c,1,0,1,1,0,0,1,1,1,1,0,1,1,0,1,1,1,0,1,1,0,1,0,0,1,0,0,1,1,1,1,0,0
6hmhptpp_c,1,0,1,1,0,0,1,1,1,1,0,1,1,0,1,1,1,0,1,1,0,1,0,0,1,0,0,1,1,1,1,0,0
dgsn_c,1,0,1,1,0,0,1,1,1,1,0,1,1,0,1,1,1,0,1,1,0,1,0,0,1,0,0,1,1,1,1,0,0
datp_c,1,0,1,1,0,0,1,1,1,1,0,1,1,0,1,1,1,0,1,1,0,1,0,0,1,0,0,1,1,1,1,0,0
acald_e,0,1,1,0,0,0,0,1,1,0,0,1,1,0,1,1,1,0,0,1,0,1,0,0,1,0,0,1,1,1,0,0,0
23dhbzs_c,0,1,1,0,0,1,0,1,1,0,0,1,1,0,1,1,1,0,0,1,0,1,0,0,1,0,0,1,1,1,0,0,0
3ophb_c,0,1,1,0,0,1,0,1,1,0,0,1,1,0,1,1,1,0,0,1,0,1,0,0,1,0,0,1,1,1,0,0,0
5aizc_c,1,1,1,0,0,0,1,1,1,1,0,1,1,0,1,1,1,0,1,1,0,1,0,0,1,0,0,1,1,1,0,0,0
udpLa4fn_c,0,1,1,0,0,1,0,1,1,0,0,1,1,0,1,1,1,0,0,1,0,1,0,0,1,0,0,1,1,1,0,0,0
dcdp_c,0,1,1,0,0,0,1,1,1,1,0,1,1,0,1,1,1,0,0,1,0,1,0,0,1,0,0,1,1,1,0,0,0
cdpdodec11eg_c,0,1,1,0,0,1,0,0,0,0,0,1,1,0,1,1,1,0,0,1,0,1,0,0,0,0,0,1,0,1,0,0,0
imacp_c,0,1,1,0,0,1,0,1,1,0,0,1,1,0,1,1,1,0,0,1,0,1,0,0,1,0,0,1,1,1,0,0,0
cytd_c,0,1,1,0,0,0,1,1,1,1,0,1,1,0,1,1,1,0,0,1,0,1,0,0,1,0,0,1,1,1,0,0,0
ins_c,0,1,1,0,0,0,1,1,1,1,0,1,1,0,1,1,1,0,0,1,0,1,0,0,1,0,0,1,1,1,0,0,0
aconm_c,0,1,1,0,0,1,0,1,1,0,0,1,1,0,1,1,1,0,0,1,0,1,0,0,1,0,0,1,1,1,0,0,0
ru5p__L_c,0,1,1,0,0,1,0,1,0,0,0,1,1,0,1,1,1,0,0,1,0,1,0,0,1,0,0,1,0,1,0,0,0
4c2me_c,0,1,1,0,0,0,0,1,1,0,0,1,1,0,1,1,1,0,0,1,0,1,0,0,1,0,0,1,1,1,0,0,0
paps_c,1,0,1,1,0,0,1,1,1,1,0,1,1,0,1,1,1,0,1,1,0,1,0,0,1,0,0,1,1,1,1,0,0
eig3p_c,0,1,1,0,0,0,1,1,1,1,0,1,1,0,1,1,1,0,0,1,0,1,0,0,1,0,0,1,1,1,0,0,0
udp_c,0,1,1,0,0,1,0,1,1,0,0,1,1,0,1,1,1,0,0,1,0,1,0,0,1,0,0,1,1,1,0,0,0
uri_e,0,1,1,0,0,1,0,1,1,0,0,1,1,0,1,1,1,0,0,1,0,1,0,0,1,0,0,1,1,1,0,0,0
cpe180_c,0,1,1,0,0,1,0,0,0,0,0,1,1,0,1,1,1,0,0,1,0,1,0,0,0,0,0,1,0,1,0,0,0
10fthf_c,1,0,1,1,0,0,1,1,1,1,0,1,1,0,1,1,1,0,1,1,0,1,0,0,1,0,0,1,1,1,1,0,0
s17bp_c,0,1,1,0,0,1,0,1,0,0,0,1,1,0,1,1,1,0,0,1,0,1,0,0,1,0,0,1,0,1,0,0,0
u3hga_c,0,1,1,0,0,1,0,0,0,0,0,1,1,0,1,1,1,0,0,1,0,1,0,0,0,0,0,1,0,1,0,0,0
lipa_p,0,1,1,0,0,1,0,1,0,0,0,1,1,0,1,1,1,0,0,1,0,1,0,0,1,0,0,1,0,1,0,0,0
