Gene,Deleted
YJR143C,0
YIL013C,0
YDR047W,0
YJL071W,0
YLR056W,0
YLR308W,0
YMR088C,0
YPL268W,0
YML120C,0
YJR133W,0
YFR033C,1
YHR091C,0
YOL065C,0
YPL104W,0
YCL018W,1
YMR105C,0
YLR245C,0
YCR005C,0
YHR074W,0
YCL040W,1
YDR074W,1
YCL009C,1
YFR025C,1
YJR078W,0
YLR299W,0
YMR318C,0
YCR012W,1
YGR055W,0
YDR531W,0
YGL191W,1
YOL132W,0
YHR042W,1
YMR145C,1
YDR046C,0
YDR242W,0
YLR348C,0
YLR153C,1
YNL003C,0
YHR106W,0
YDR341C,0
YMR008C,0
YKR031C,0
YLR180W,0
YNR033W,0
YBL068W,0
YBR115C,1
YMR085W,0
YML070W,0
YEL027W,0
YPR113W,1
YGL154C,1
YLR158C,0
YBR029C,1
YBR036C,0
YNL009W,0
YPL276W,0
YBL033C,1
YDL131W,0
YML096W,0
YOL011W,0
YPL110C,0
YJR153W,0
YER119C,0
YGL008C,0
YCL030C,1
YKL203C,0
YJL167W,1
YPL057C,0
YLR307W,0
YBR023C,0
YGR171C,0
YER023W,1
YHR018C,1
YHL012W,1
YDR384C,0
YLR351C,0
YCR083W,0
YPR035W,1
YJL137C,0
Q0085,1
YOR142W,0
YGR147C,0
YER178W,1
YGR286C,0
YHR096C,0
YGL037C,0
YKL188C,0
YDR377W,1
YIL125W,0
YMR108W,1
YHR208W,0
YBR121C,0
YDR236C,0
YPL265W,0
YGL187C,1
YPR081C,0
YLR146C,0
YPL281C,0
YLR377C,0
YNL104C,0
YOR180C,0
YER060W,0
YKL026C,0
YOR108W,1
YGR204W,1
YIL111W,0
YKR080W,0
YMR217W,1
YHR011W,0
YPR140W,0
YDR072C,0
YMR323W,1
YDR321W,0
YLR164W,0
YGR244C,0
YGR138C,0
YOR168W,0
YDR399W,0
YEL011W,0
YDL103C,0
Q0105,1
YCR073W_A,1
YOR332W,0
YDR487C,1
YPR191W,1
YDR001C,0
YNR072W,0
YCL035C,0
YOR348C,1
YBR127C,0
YEL024W,1
YBL015W,1
YJL052W,0
YOR222W,0
YKL035W,0
YIL010W,0
YMR205C,1
YLR058C,1
YLR089C,0
YGL245W,0
YHR020W,0
YGR202C,0
YDR376W,0
YNR008W,0
YJL088W,1
YJL216C,0
YGL256W,0
YBR293W,0
YLR237W,0
YDR044W,0
YML123C,0
YBR252W,0
YNL270C,0
YDR017C,0
YKL132C,0
YBR132C,0
YKL001C,1
YOL136C,0
YER052C,1
YDL021W,1
YEL041W,0
YGR255C,0
YMR056C,0
YMR054W,0
YGR060W,1
YLR209C,0
YHR026W,0
YDR158W,1
YER015W,0
YDL052C,0
YGL184C,0
YOL140W,1
YLR155C,0
YEL051W,0
YER174C,0
YHR128W,0
YAL038W,1
YMR303C,0
YGL001C,1
YPL231W,1
YNL169C,1
YER141W,0
YIR031C,0
YCL025C,0
YOL059W,0
YJR057W,0
YLR043C,0
YLR134W,0
YGL148W,1
YER056C,0
YBR084W,0
YPR026W,0
YGL205W,0
YFL001W,0
YIR032C,0
YBL011W,1
YBR199W,0
YHL016C,0
YIL164C,0
YER026C,1
YER183C,0
YLR028C,1
YMR170C,0
YBR035C,0
YPL087W,0
YPR183W,1
YKL174C,0
YOL086C,0
YOR202W,1
YJR016C,1
YOR155C,0
YLR260W,0
YCL069W,0
YBR176W,1
YER086W,0
YHR068W,0
YHR092C,0
YJR073C,1
YIR034C,1
YOR278W,0
YOR143C,0
YBR018C,0
YAL023C,0
YMR250W,0
YPR138C,1
YHR043C,0
YPR192W,1
YLL048C,0
YER091C,1
YDL178W,0
YNR056C,0
YCR036W,0
YJL060W,0
Q0130,1
YPL244C,0
YER073W,0
YNL268W,1
YIL124W,0
YBR166C,0
YDR368W,0
YDR098C,0
YHR067W,0
YFR055W,1
YGR032W,0
YPL148C,0
YLR432W,0
YLR011W,0
YBR003W,0
YHR019C,0
YPL172C,0
YOR323C,0
YGR170W,0
YCR024C_A,0
YCR048W,0
YGR019W,0
YIL099W,0
YDL210W,0
YDL100C,0
YDR508C,0
YPR060C,1
YKL085W,1
YDR315C,0
YLR038C,1
YHR025W,1
YBR296C,0
YGL253W,0
YDL055C,1
YGR124W,0
YKR039W,0
YDL215C,0
YGR183C,1
YOR335C,0
YHR190W,1
YER099C,0
YMR013C,0
YFL045C,1
YDR529C,1
YOR321W,0
YPL262W,0
YCR037C,0
YDR530C,0
YDR148C,0
YER060W_A,0
YEL069C,0
YKR066C,0
YKL184W,0
YFL022C,0
YOR120W,0
YNR013C,0
YDL174C,0
YJR010W,1
YJL200C,0
YBR006W,0
YDR234W,1
YNL202W,0
YLR109W,0
YPR160W,0
YMR215W,0
YLR142W,0
YHR002W,0
YBR093C,0
YOL058W,1
YIL094C,1
YKL150W,0
YKL148C,0
YLL041C,0
YNL256W,0
YER043C,1
YJL219W,0
YAR035W,0
YNL106C,0
YDL066W,0
YDR403W,0
YIL074C,1
YBR196C,1
YOR136W,0
YMR296C,0
YDR453C,0
YPL097W,0
YNL220W,1
YER003C,1
YGR094W,0
YJR009C,1
YIR029W,0
YLR304C,1
YJL198W,1
YFL017C,0
YPR128C,0
YKL106W,1
Q0275,1
YOR360C,0
YJL212C,0
YDR483W,0
YOL055C,0
YGR007W,0
YLR342W,0
YLR395C,1
YNR001C,1
YGR155W,0
YLR303W,0
YKL080W,0
YDR354W,1
YDR298C,1
YDR345C,0
YGR209C,1
YLR240W,0
YOR393W,0
YJR137C,0
YOR071C,0
YKL004W,0
YOR241W,0
YBR126C,1
YNL052W,1
YLL028W,0
YPL147W,0
YGR020C,0
YER175C,0
YGR260W,0
YCL004W,0
YHR046C,1
YLR060W,0
YLR070C,0
YLR174W,1
YNR050C,1
YKL211C,1
YDR007W,1
YJL026W,0
YBR291C,0
YJL196C,0
YOL064C,0
YBL039C,0
YOL143C,1
YNL073W,0
YML100W,0
YJR051W,0
YDL080C,0
YJL214W,0
YKL152C,0
YDR408C,1
YPR145W,1
YDL085W,0
YER024W,0
YDL040C,0
YBR058C_A,0
YNL280C,1
YLR172C,0
YLR081W,1
YMR293C,0
YLR305C,0
YDR380W,0
YOR270C,0
YPL271W,1
YBR265W,0
Q0250,1
YMR307W,1
YOR125C,0
YOL033W,0
YPR062W,0
YML054C,0
YKL029C,1
YBR244W,0
YHL011C,0
YOR040W,0
YDR402C,0
YBR041W,0
YJL126W,0
YIL009W,0
YIR028W,0
YJL121C,1
YDL205C,0
YER170W,0
YNL318C,0
YIL155C,0
YKR067W,0
YIL053W,0
YER053C,1
YPL092W,0
YGL186C,0
YOR095C,1
YNR012W,0
Q0045,1
YGR247W,0
YBR117C,0
YKL218C,1
YLR151C,0
YOR128C,1
YPL234C,0
YGL119W,0
YGL062W,0
YOR317W,0
YPL160W,0
YJR048W,0
YHR104W,0
YML110C,0
YGL063W,0
YHR063C,0
YGR157W,1
YOR192C,0
YDR019C,0
YIL167W,0
YDR037W,0
YKL120W,1
YMR189W,0
YAR071W,0
YJL045W,0
YOL126C,1
YLR157C,0
YBR249C,1
YCR010C,1
YOR184W,1
YPR033C,0
YDL067C,1
YDR536W,0
YLR027C,0
YCR075C,0
YAL044C,0
YGL224C,0
YMR020W,0
YER070W,0
YKL217W,0
YOL030W,0
YCR098C,0
YKR058W,1
YDR272W,0
YPR184W,0
YPL023C,1
YGR121C,0
YML106W,1
YOR126C,0
YPR001W,0
YHL003C,0
YDR127W,1
YGL202W,0
YDL142C,0
YCR028C,0
YLR017W,0
YMR256C,1
YDR178W,0
YJR105W,1
YDR173C,0
YLR195C,0
YDR111C,1
YBL045C,1
YEL039C,1
YDR342C,0
YML075C,0
YDR232W,0
YPL188W,0
YPR021C,0
YPL040C,0
YKR009C,0
YJR019C,0
YLR284C,0
YDR400W,0
YKR053C,0
YGR061C,1
YEL042W,0
YDR058C,0
YDR035W,0
YLR359W,1
YJL134W,0
YDL168W,0
YJL101C,0
YOL103W,0
YBR026C,0
YHR039C_A,0
YNL316C,1
YGR193C,1
YDR204W,0
YLR020C,0
YPL275W,0
YPL212C,0
YPL117C,1
YPR047W,0
YCR024C,0
YML059C,0
YGL234W,1
YMR246W,0
YBR020W,0
YDR297W,0
YIL162W,0
YLL061W,0
YHR001W_A,1
YGR012W,1
YPL214C,0
YNR041C,0
YNL277W,0
YBR299W,0
YBL030C,1
YER081W,0
YOR171C,0
YER014W,0
YJR148W,1
YPL111W,0
YLR355C,1
YEL063C,0
YGR175C,1
YNR043W,1
YJR160C,0
YMR313C,0
YNR016C,1
YDR343C,0
YKR093W,0
YER062C,0
YKR097W,0
YPL091W,0
YML082W,1
YDR256C,0
YPR074C,1
YJR066W,0
YBR263W,0
YJR095W,0
YML004C,0
YDR305C,0
YJL005W,0
YER061C,0
YMR113W,0
YGR177C,0
YIL020C,1
YPL078C,1
YKL212W,0
YMR083W,0
YDL245C,0
YOL061W,0
YMR306W,1
YEL071W,0
YDR226W,1
YKL192C,0
YJL070C,0
YGR267C,0
YNL192W,0
YPR036W,0
YJR103W,1
YLL052C,0
YBR184W,0
YER019W,0
YOL151W,0
YDR441C,0
YGR289C,0
YKL104C,0
YHR123W,0
YGR254W,0
YLL018C,0
YML035C,0
YDL181W,1
YPR002W,0
YFL018C,1
YNL101W,0
YLL057C,0
YOL056W,0
YKL194C,0
YJR152W,0
YLR258W,1
YML126C,1
YGR088W,0
YGR194C,0
YOR374W,0
YMR006C,0
YCL050C,0
YOL097C,0
YAL060W,0
YOL052C,0
YER069W,1
YNR019W,0
YBR149W,0
YDR135C,0
YDL078C,0
YIL172C,0
YAR073W,0
YBR213W,0
YDR353W,1
YOR303W,0
YML042W,0
YJL155C,0
YLR354C,0
YBR205W,0
YMR226C,0
YML022W,0
YNR057C,0
YBR153W,1
YNL267W,0
YMR289W,0
YLR450W,1
YML086C,0
YBR256C,1
YPL273W,0
YOR099W,0
YPR156C,0
YGR256W,1
YNL029C,0
YPL252C,0
YFL011W,0
YMR084W,0
YOR176W,0
YBR145W,0
YMR015C,0
YDR023W,0
YPL059W,0
YLR160C,0
YIL078W,0
YBR039W,1
YGL084C,0
YGL026C,1
YGR125W,1
YGR287C,0
YPL053C,0
YDL198C,0
YGL077C,0
YGR248W,0
YDR050C,1
YNL142W,0
YHR144C,0
YLR447C,0
YLR285W,0
YKL216W,1
YGL009C,1
YFR019W,0
YLR438W,1
YBL042C,0
YCR032W,1
YPR167C,1
YNL037C,0
YGR185C,0
YMR118C,0
YGL055W,1
YJR158W,0
YFR053C,0
YAL022C,0
YKL141W,0
YKL024C,1
YBL099W,1
YJR109C,0
YOR163W,0
YPL274W,0
YPL134C,0
YLR092W,0
YBR011C,1
YOL096C,0
YCR053W,1
YGR037C,1
YHR183W,0
YGR199W,1
YOR375C,0
YOL020W,0
YHR051W,1
YLR420W,0
YEL021W,1
YHR044C,0
YJR025C,0
YJL166W,1
YAL062W,1
YOR377W,0
YIL134W,0
YLR138W,0
YDR268W,0
YDL141W,0
YFL030W,0
YLR100W,1
YBR034C,0
YMR271C,0
YIR027C,0
Q0080,1
YGR043C,0
YCL064C,0
YDL004W,1
YDR300C,0
YNL141W,0
YDR147W,0
YMR220W,1
YBL013W,0
YDL095W,0
YGL225W,0
YEL046C,0
YDL247W,0
YER090W,1
YJR130C,0
YFR015C,0
YGR191W,0
YBL076C,0
YGR010W,0
YMR319C,0
YLR133W,0
YMR207C,0
YOL077W_A,0
YMR062C,1
YDR502C,1
YBR092C,0
YBR208C,0
YDL182W,0
YBR284W,0
YDL045C,0
YOL049W,0
YOR130C,1
YBR038W,0
YML081C_A,1
YNL117W,0
YPL036W,0
YJR159W,0
YDL171C,0
YOR236W,1
YDR208W,0
YBR192W,0
YIL145C,0
YML056C,0
YEL038W,0
YBR218C,1
YKL055C,0
YMR300C,1
YHR216W,1
YGL248W,0
YBR248C,1
YPR006C,0
YNL247W,0
YOR245C,1
YKR061W,0
YGL012W,1
YOR347C,0
YJR001W,0
YKL127W,1
YMR011W,0
YMR272C,0
YFR047C,0
YBR068C,0
YPR159W,0
YGR180C,0
YPL028W,1
YDL015C,0
YLR044C,0
YLR189C,0
YDL022W,1
YGR096W,0
YHR094C,0
YDR284C,1
YHR037W,0
YGR264C,0
YIL066C,0
YOR273C,0
YDR481C,0
YDL238C,0
YLR382C,0
YMR261C,1
YOL066C,1
YMR208W,1
YEL017C_A,0
YER065C,0
YER005W,0
YKL008C,0
YIL002C,0
YBR161W,0
YOR388C,0
YLL012W,0
YKL140W,0
YBR085W,0
YBL064C,0
YDR503C,0
YGL040C,0
YNL130C,0
YJR139C,1
YBR001C,0
YHR174W,0
YJL130C,1
YER055C,1
YPL061W,0
YBR221C,1
YER087W,0
YBR294W,0
YEL058W,0
YOR100C,0
YJL139C,0
YDR062W,0
YJL221C,0
YOR190W,0
YNR034W,0
YHL036W,0
YKL060C,1
YNL292W,0
YPL069C,0
YGR240C,1
YAL012W,0
YFL055W,0
YIL107C,0
YBR021W,0
YOR109W,0
YKL067W,1
YDR294C,0
YML008C,0
YDR497C,0
YKL146W,0
YMR169C,0
YHR072W,1
YGR292W,0
YLR343W,0
YPR069C,0
YGL067W,0
YNL129W,0
YDR261C,0
UNKNOWN,1
YLL062C,0
YNL071W,1
YPR121W,0
YJR077C,1
YPR020W,0
YDR322C_A,0
YGR208W,1
YHL032C,0
YKL016C,1
YLR231C,0
YDL185W,0
YGR087C,0
YLR295C,1
YHR137W,1
YOL156W,0
YLR300W,0
YPL258C,0
YOR221C,0
YAL054C,0
YJR049C,0
YGL125W,0
YKL181W,1
YMR120C,0
YGR192C,0
YOR065W,1
YPL189W,0
YEL047C,0
YMR267W,0
YHR163W,0
YLR372W,0
YJL153C,1
YOR011W,0
YBR019C,0
YAR015W,1
YNL111C,0
YIL043C,0
YNL241C,1
YLL043W,0
YAR075W,0
YBR183W,0
YFR030W,1
YJL068C,0
YBR069C,0
YDL093W,0
YOR074C,1
YKL182W,1
YDR454C,1
YMR009W,0
YGR065C,0
YHR007C,1
YBL098W,0
YIL160C,0
YNR058W,0
YOR209C,0
YBR298C,0
YDR513W,0
YGR143W,0
YIL116W,1
YIR037W,0
YGR282C,0
YBR180W,0
YFL053W,0
YLR328W,0
YMR202W,0
YJR121W,1
YLR201C,0
YKR069W,0
YCR034W,1
