metabolite,latent_0,latent_1,latent_2,latent_3,latent_4,latent_5,latent_6,latent_7,latent_8,latent_9,latent_10,latent_11,latent_12,latent_13,latent_14,latent_15,latent_16,latent_17,latent_18,latent_19,latent_20,latent_21,latent_22,latent_23,latent_24,latent_25,latent_26,latent_27,latent_28,latent_29,latent_30,latent_31,latent_32,latent_33,latent_34,latent_35,latent_36,latent_37,latent_38,latent_39,latent_40,latent_41,latent_42,latent_43,latent_44,latent_45,latent_46,latent_47,latent_48,latent_49,latent_50,latent_51,latent_52,latent_53,latent_54,latent_55,latent_56,latent_57,latent_58,latent_59,latent_60,latent_61,latent_62,latent_63
13dpg_c,-0.601187527179718,-0.30879831314086914,-0.6637625694274902,0.2598003149032593,-0.31829386949539185,-0.6425111293792725,0.31078624725341797,-0.2635982036590576,-0.0241403728723526,-0.6369961500167847,0.17581969499588013,0.7280716896057129,0.29693475365638733,0.13577359914779663,-0.21885095536708832,-0.01831860840320587,0.5955342650413513,-0.07310901582241058,-0.15183278918266296,0.48554229736328125,-0.6940475702285767,-0.8782448172569275,1.0007069110870361,0.06991569697856903,-0.11000193655490875,-0.4970031976699829,0.3732645511627197,-0.3045593202114105,1.134921669960022,-0.9978514313697815,0.9951941967010498,-0.32567405700683594,-1.9036897420883179,-0.22890730202198029,0.32436296343803406,-0.8443689346313477,0.16595034301280975,-0.4680316150188446,-0.19712373614311218,0.21045298874378204,-0.28716254234313965,0.36557847261428833,-0.34406358003616333,-0.814392626285553,0.45824307203292847,-0.7284232378005981,0.11490491032600403,0.107807956635952,0.24037817120552063,0.21410702168941498,0.12405046820640564,0.6543700098991394,-0.7329809069633484,-1.2697117328643799,-0.505922794342041,0.14177680015563965,0.2856544256210327,0.20183932781219482,-0.38406580686569214,0.8318918943405151,-0.2804074287414551,0.2529914975166321,-0.08958511054515839,0.1582610011100769
g3p_c,-0.601187527179718,-0.30879831314086914,-0.6637625694274902,0.2598003149032593,-0.31829386949539185,-0.6425111293792725,0.31078624725341797,-0.2635982036590576,-0.0241403728723526,-0.6369961500167847,0.17581969499588013,0.7280716896057129,0.29693475365638733,0.13577359914779663,-0.21885095536708832,-0.01831860840320587,0.5955342650413513,-0.07310901582241058,-0.15183278918266296,0.48554229736328125,-0.6940475702285767,-0.8782448172569275,1.0007069110870361,0.06991569697856903,-0.11000193655490875,-0.4970031976699829,0.3732645511627197,-0.3045593202114105,1.134921669960022,-0.9978514313697815,0.9951941967010498,-0.32567405700683594,-1.9036897420883179,-0.22890730202198029,0.32436296343803406,-0.8443689346313477,0.16595034301280975,-0.4680316150188446,-0.19712373614311218,0.21045298874378204,-0.28716254234313965,0.36557847261428833,-0.34406358003616333,-0.814392626285553,0.45824307203292847,-0.7284232378005981,0.11490491032600403,0.107807956635952,0.24037817120552063,0.21410702168941498,0.12405046820640564,0.6543700098991394,-0.7329809069633484,-1.2697117328643799,-0.505922794342041,0.14177680015563965,0.2856544256210327,0.20183932781219482,-0.38406580686569214,0.8318918943405151,-0.2804074287414551,0.2529914975166321,-0.08958511054515839,0.1582610011100769
glx_c,-0.6699820160865784,-0.07866519689559937,-0.591163694858551,0.12622031569480896,-0.36359840631484985,-0.5827816724777222,0.1880548894405365,-0.25121116638183594,-0.0966261550784111,-0.5904113054275513,0.26087236404418945,0.555020809173584,0.16433724761009216,0.3175051510334015,-0.1829388290643692,-0.04892468452453613,0.5231323838233948,-0.06718842685222626,-0.1428716480731964,0.5965883135795593,-0.6648552417755127,-0.6296959519386292,0.7499664425849915,0.2269846647977829,-0.24385668337345123,-0.5532885193824768,0.17322508990764618,-0.16967393457889557,0.8293628096580505,-0.9941170811653137,0.89625084400177,-0.19761528074741364,-1.776221752166748,-0.1604059487581253,0.22070464491844177,-0.9107055068016052,0.0956985205411911,-0.3430227041244507,-0.41733261942863464,0.043273672461509705,-0.19651512801647186,0.248691588640213,-0.13116082549095154,-0.6823124885559082,0.452644944190979,-0.6582554578781128,-0.06877177953720093,-0.15336944162845612,0.28423523902893066,0.08474321663379669,0.2676647901535034,0.8006517291069031,-0.5744600892066956,-1.192068338394165,-0.2302313894033432,0.02519286423921585,0.17857040464878082,0.21130499243736267,-0.3450348973274231,0.7015089988708496,-0.1506568342447281,-0.11534817516803741,0.0299227237701416,0.33329111337661743
icit_c,-0.6334604024887085,0.05900797247886658,-0.5948745012283325,0.11176924407482147,-0.2988954186439514,-0.5413436889648438,0.10501177608966827,-0.2902882397174835,-0.056090131402015686,-0.5272156596183777,0.2600387632846832,0.4768598675727844,0.07830217480659485,0.3305984139442444,-0.1309898942708969,-0.031109042465686798,0.43207934498786926,-0.0891832560300827,-0.12460851669311523,0.5567530989646912,-0.5814567804336548,-0.5676900148391724,0.681725263595581,0.23515130579471588,-0.2590681314468384,-0.5569398999214172,0.10018955171108246,-0.14254745841026306,0.7218239903450012,-0.9892163872718811,0.8954366445541382,-0.11720055341720581,-1.7097465991973877,-0.06002895534038544,0.1598474234342575,-0.9049644470214844,-0.0032072216272354126,-0.2193780094385147,-0.4733046293258667,0.051687344908714294,-0.16164793074131012,0.18742379546165466,-0.08251333236694336,-0.6037309169769287,0.3979600667953491,-0.6306000351905823,-0.16028741002082825,-0.25571292638778687,0.28205323219299316,-0.02573506534099579,0.27955275774002075,0.8624851703643799,-0.4027838706970215,-1.1108330488204956,-0.13819758594036102,-0.035657137632369995,0.12860612571239471,0.17869336903095245,-0.3457058072090149,0.6311928033828735,-0.12143943458795547,-0.2548322081565857,0.09695790708065033,0.3594250977039337
succ_c,-0.6694185733795166,-0.27336302399635315,-0.6402475237846375,0.2377016395330429,-0.3777461647987366,-0.6207773685455322,0.31868430972099304,-0.2828606963157654,-0.04498232901096344,-0.6837623119354248,0.1839303970336914,0.6970888376235962,0.27398616075515747,0.20620271563529968,-0.3267555236816406,-0.0477091521024704,0.6768596172332764,-0.05653171241283417,-0.12611445784568787,0.5606961846351624,-0.7779049277305603,-0.9023455381393433,0.959693968296051,0.11148814857006073,-0.13233442604541779,-0.5264704823493958,0.4198645353317261,-0.27488863468170166,1.0677947998046875,-0.9429770112037659,0.9295738339424133,-0.3428894877433777,-1.8686697483062744,-0.2536658048629761,0.26392319798469543,-0.7717722654342651,0.1626219004392624,-0.4861280024051666,-0.177702397108078,0.17508181929588318,-0.378231942653656,0.3830574154853821,-0.28554415702819824,-0.8171586394309998,0.5228129029273987,-0.717827320098877,0.10103753209114075,0.10698454082012177,0.25305476784706116,0.20327995717525482,0.20535172522068024,0.6832197308540344,-0.7816181778907776,-1.3449513912200928,-0.5085185170173645,0.08774922788143158,0.30956000089645386,0.2759941518306732,-0.41819578409194946,0.856634259223938,-0.3151766359806061,0.20560641586780548,-0.07012307643890381,0.2329179346561432
succ_e,-0.5431100130081177,0.1571037620306015,-0.6496603488922119,0.179984450340271,-0.3744490146636963,-0.561851978302002,0.038782998919487,-0.251398503780365,-0.0649491474032402,-0.611535370349884,0.265392005443573,0.4988296926021576,0.0819840282201767,0.38933172821998596,-0.233442023396492,0.01368819922208786,0.5201592445373535,-0.06138996779918671,-0.17920562624931335,0.5998758673667908,-0.6407549977302551,-0.6278417706489563,0.6685027480125427,0.293265700340271,-0.2708195447921753,-0.525367259979248,0.21809695661067963,-0.16634534299373627,0.6733683943748474,-0.9868094325065613,0.9373570680618286,-0.1443628966808319,-1.6953535079956055,-0.09070932865142822,0.14747728407382965,-0.9409184455871582,-0.04972226917743683,-0.26140984892845154,-0.45092734694480896,0.09094308316707611,-0.24302636086940765,0.22180414199829102,-0.12681303918361664,-0.6550443172454834,0.42960870265960693,-0.5588508248329163,-0.1050121933221817,-0.2584683299064636,0.288249135017395,-0.034459277987480164,0.31432437896728516,0.8134395480155945,-0.3875789940357208,-1.0923099517822266,-0.16159215569496155,-0.09632734954357147,0.15737511217594147,0.15586908161640167,-0.34291404485702515,0.6818677186965942,-0.11886496096849442,-0.18301913142204285,0.05496186763048172,0.40568357706069946
f6p_c,-0.7087056636810303,-0.7400243282318115,-0.6331708431243896,0.3154301643371582,-0.5044001340866089,-0.7291948795318604,0.5520951151847839,-0.1968015730381012,-0.1216951310634613,-0.8292509913444519,0.14267665147781372,1.0160956382751465,0.5348192453384399,0.10218740254640579,-0.38599181175231934,-0.05139409005641937,0.9002043008804321,-0.02759478986263275,-0.16677749156951904,0.529828667640686,-0.9436479806900024,-1.0996407270431519,1.2095999717712402,-0.006878450512886047,-0.02139665186405182,-0.4974949359893799,0.6251904368400574,-0.402927041053772,1.496656060218811,-1.0069842338562012,1.005922555923462,-0.5782711505889893,-2.0779647827148438,-0.5202228426933289,0.4795420467853546,-0.7479301691055298,0.3784458637237549,-0.7815839052200317,0.02428271621465683,0.18863986432552338,-0.44653940200805664,0.5805346965789795,-0.5100466012954712,-1.038629412651062,0.6240516304969788,-0.8249622583389282,0.41810786724090576,0.5313320755958557,0.21239212155342102,0.5043692588806152,0.0892128050327301,0.43989354372024536,-1.2285068035125732,-1.5374155044555664,-0.849486231803894,0.27095624804496765,0.46253013610839844,0.3486782908439636,-0.4537796974182129,1.0783803462982178,-0.4696536958217621,0.6966058015823364,-0.2577747106552124,-0.009049706161022186
g6p_c,-0.6104823350906372,-0.34640976786613464,-0.6815885305404663,0.2542737126350403,-0.2793092131614685,-0.6426639556884766,0.35735446214675903,-0.26617538928985596,0.008600696921348572,-0.6037091016769409,0.16269946098327637,0.6780253648757935,0.32557860016822815,0.08559000492095947,-0.18016590178012848,-0.045668959617614746,0.5513319373130798,-0.06441928446292877,-0.1475706696510315,0.49497276544570923,-0.6458144187927246,-0.9003662467002869,1.047489881515503,0.03925146162509918,-0.10028286278247833,-0.4834630489349365,0.3520858883857727,-0.3204757273197174,1.1526750326156616,-0.9874725937843323,0.9878734350204468,-0.3081974387168884,-1.9413020610809326,-0.19672955572605133,0.3486490249633789,-0.8762074708938599,0.2114739567041397,-0.4836362898349762,-0.18413400650024414,0.23589922487735748,-0.2454189509153366,0.3521585762500763,-0.3496001064777374,-0.8053171038627625,0.43601298332214355,-0.7450821399688721,0.08726680278778076,0.07143417745828629,0.26275038719177246,0.24851928651332855,0.09056311100721359,0.6822808980941772,-0.7436031699180603,-1.2640451192855835,-0.5167598128318787,0.19411680102348328,0.27818167209625244,0.15966938436031342,-0.34946995973587036,0.8004307746887207,-0.2585911154747009,0.2870047092437744,-0.12692831456661224,0.1626001000404358
pep_c,-0.631270706653595,-0.293369323015213,-0.6647700667381287,0.25584423542022705,-0.3014652729034424,-0.6272282600402832,0.3141672611236572,-0.296372652053833,-0.024777501821517944,-0.6470369100570679,0.1620996594429016,0.7660517692565918,0.2361791431903839,0.14027611911296844,-0.28627198934555054,-0.02577732503414154,0.6233899593353271,-0.08340255916118622,-0.12099611759185791,0.45019829273223877,-0.7259348630905151,-0.9002957344055176,0.9665617346763611,0.05899535119533539,-0.08877815306186676,-0.498230516910553,0.4164004325866699,-0.28708958625793457,1.1297616958618164,-0.9612086415290833,0.9711546897888184,-0.3286234140396118,-1.8643468618392944,-0.2258276492357254,0.256865531206131,-0.7470791339874268,0.12054814398288727,-0.43043839931488037,-0.16058975458145142,0.21135194599628448,-0.35282987356185913,0.3807489275932312,-0.3183233141899109,-0.7828031778335571,0.48189443349838257,-0.753038763999939,0.11815029382705688,0.1197318285703659,0.21135838329792023,0.15659816563129425,0.1640130877494812,0.6494224071502686,-0.7124089598655701,-1.308266282081604,-0.5225160121917725,0.09652052819728851,0.3174600601196289,0.2582049071788788,-0.45164942741394043,0.8443726301193237,-0.3465784192085266,0.17900769412517548,-0.04551751911640167,0.15804092586040497
ac_c,-0.6480821371078491,-0.2828840911388397,-0.6407959461212158,0.2359009087085724,-0.36636844277381897,-0.623424232006073,0.30457672476768494,-0.2672256827354431,-0.05632534995675087,-0.6682431101799011,0.18938259780406952,0.7183904647827148,0.26841962337493896,0.1979704648256302,-0.2863205373287201,-0.03729327768087387,0.647454023361206,-0.06254422664642334,-0.1421871781349182,0.5273407101631165,-0.7514268159866333,-0.8649812936782837,0.9448111653327942,0.11269684880971909,-0.13526839017868042,-0.5180201530456543,0.39143282175064087,-0.2746124565601349,1.0760282278060913,-0.9704222083091736,0.9483705163002014,-0.33277180790901184,-1.869856834411621,-0.25169554352760315,0.2767351567745209,-0.7987866401672363,0.15115022659301758,-0.46756136417388916,-0.20134879648685455,0.16986709833145142,-0.3342864513397217,0.37265723943710327,-0.2986723482608795,-0.801712155342102,0.49866989254951477,-0.7186664342880249,0.1108936220407486,0.10173963755369186,0.24212104082107544,0.19771601259708405,0.1871231496334076,0.6657612323760986,-0.7531457543373108,-1.3120158910751343,-0.48621436953544617,0.09377764165401459,0.29733017086982727,0.2558540105819702,-0.4107811152935028,0.8454978466033936,-0.30053696036338806,0.19302478432655334,-0.06483244895935059,0.20736289024353027
ac_e,-0.7486155033111572,-0.6683801412582397,-0.6607965230941772,0.30256497859954834,-0.4171435236930847,-0.6887199878692627,0.5529014468193054,-0.262881875038147,-0.08938729763031006,-0.7646237015724182,0.11353784799575806,0.9783457517623901,0.43703803420066833,0.06800584495067596,-0.43310320377349854,-0.08048231899738312,0.8359557390213013,-0.024843022227287292,-0.12964573502540588,0.4719095826148987,-0.9188710451126099,-1.0929129123687744,1.1437393426895142,-0.02302493155002594,0.0005470365285873413,-0.48991453647613525,0.6419362425804138,-0.3737954795360565,1.4272187948226929,-0.9460373520851135,0.9538125395774841,-0.5231741666793823,-2.0156984329223633,-0.42906928062438965,0.36873409152030945,-0.6550232172012329,0.3163068890571594,-0.6966037750244141,0.05791456997394562,0.23030807077884674,-0.4850690960884094,0.5444120168685913,-0.4569752514362335,-0.9540849328041077,0.5930059552192688,-0.8462041616439819,0.351845383644104,0.417360782623291,0.19656725227832794,0.40628737211227417,0.12588010728359222,0.472201943397522,-1.1146209239959717,-1.5216424465179443,-0.807634711265564,0.22638943791389465,0.47025543451309204,0.37245994806289673,-0.4773455858230591,1.0383590459823608,-0.4904528856277466,0.5292592644691467,-0.18712516129016876,0.06319291889667511
dhap_c,-0.6286972761154175,0.03941725194454193,-0.5907319188117981,0.11052040755748749,-0.3558593988418579,-0.5684243440628052,0.10838541388511658,-0.2465670257806778,-0.0958842858672142,-0.5645134449005127,0.2841653823852539,0.496089369058609,0.11436259746551514,0.3601064682006836,-0.14245952665805817,-0.02780146896839142,0.47206854820251465,-0.07588125765323639,-0.15541374683380127,0.6044251322746277,-0.6172781586647034,-0.5582320690155029,0.6797820329666138,0.2712501883506775,-0.2826042175292969,-0.5547756552696228,0.1082438975572586,-0.14196723699569702,0.7249171733856201,-1.0081136226654053,0.9035451412200928,-0.14079725742340088,-1.7309459447860718,-0.113064244389534,0.19741488993167877,-0.9610608816146851,0.037599340081214905,-0.2765336036682129,-0.4969283640384674,0.0205489844083786,-0.15165214240550995,0.2033374011516571,-0.09327731281518936,-0.6408842206001282,0.4246695041656494,-0.6169130206108093,-0.13171565532684326,-0.2459782212972641,0.293831467628479,0.020984947681427002,0.286742627620697,0.840800404548645,-0.4614030420780182,-1.117677092552185,-0.13608232140541077,-0.01900261640548706,0.13139395415782928,0.1743319034576416,-0.3224680423736572,0.6506346464157104,-0.09356658160686493,-0.21458850800991058,0.06512175500392914,0.37088221311569214
lac__D_c,-0.6747114062309265,-0.532717227935791,-0.6488379836082458,0.287697970867157,-0.4440878629684448,-0.6845146417617798,0.4349573850631714,-0.2267661988735199,-0.09695553779602051,-0.7650795578956604,0.16326069831848145,0.8996604681015015,0.41171562671661377,0.1454451084136963,-0.3488274812698364,-0.04288239777088165,0.7910001873970032,-0.034834131598472595,-0.1621379554271698,0.5216700434684753,-0.8628764152526855,-0.9932385683059692,1.0873126983642578,0.053107306361198425,-0.06669194996356964,-0.5026074647903442,0.5301531553268433,-0.3494299054145813,1.3123159408569336,-0.9983394742012024,0.9910344481468201,-0.468326210975647,-1.9892637729644775,-0.4034268260002136,0.3796563446521759,-0.7726877331733704,0.2595077157020569,-0.6366803646087646,-0.07436016201972961,0.18500812351703644,-0.4008617401123047,0.48746824264526367,-0.4171564280986786,-0.9286311864852905,0.5628628730773926,-0.7751898765563965,0.28637295961380005,0.3337729573249817,0.2280426025390625,0.35879653692245483,0.1426575481891632,0.5286808609962463,-1.0108420848846436,-1.4293955564498901,-0.6868730783462524,0.1866995394229889,0.3943653702735901,0.30666840076446533,-0.43922585248947144,0.9776792526245117,-0.3989943861961365,0.46640825271606445,-0.16794103384017944,0.08490709960460663
lac__D_e,-0.6480821371078491,-0.2828840911388397,-0.6407959461212158,0.2359009087085724,-0.36636844277381897,-0.623424232006073,0.30457672476768494,-0.2672256827354431,-0.05632534995675087,-0.6682431101799011,0.18938259780406952,0.7183904647827148,0.26841962337493896,0.1979704648256302,-0.2863205373287201,-0.03729327768087387,0.647454023361206,-0.06254422664642334,-0.1421871781349182,0.5273407101631165,-0.7514268159866333,-0.8649812936782837,0.9448111653327942,0.11269684880971909,-0.13526839017868042,-0.5180201530456543,0.39143282175064087,-0.2746124565601349,1.0760282278060913,-0.9704222083091736,0.9483705163002014,-0.33277180790901184,-1.869856834411621,-0.25169554352760315,0.2767351567745209,-0.7987866401672363,0.15115022659301758,-0.46756136417388916,-0.20134879648685455,0.16986709833145142,-0.3342864513397217,0.37265723943710327,-0.2986723482608795,-0.801712155342102,0.49866989254951477,-0.7186664342880249,0.1108936220407486,0.10173963755369186,0.24212104082107544,0.19771601259708405,0.1871231496334076,0.6657612323760986,-0.7531457543373108,-1.3120158910751343,-0.48621436953544617,0.09377764165401459,0.29733017086982727,0.2558540105819702,-0.4107811152935028,0.8454978466033936,-0.30053696036338806,0.19302478432655334,-0.06483244895935059,0.20736289024353027
r5p_c,-0.6347002387046814,-0.39367321133613586,-0.6523277163505554,0.2727940082550049,-0.36558717489242554,-0.6542353630065918,0.3552873134613037,-0.266245573759079,-0.04990434646606445,-0.6963412165641785,0.16441559791564941,0.813003420829773,0.32438042759895325,0.14234042167663574,-0.29167455434799194,-0.027253851294517517,0.6892733573913574,-0.06759561598300934,-0.1408749222755432,0.48356568813323975,-0.7741326689720154,-0.9393198490142822,1.0272084474563599,0.05731023848056793,-0.08619029819965363,-0.5062562823295593,0.45056748390197754,-0.3181755244731903,1.2090709209442139,-0.9889536499977112,0.9892717003822327,-0.3850927948951721,-1.9225897789001465,-0.30466848611831665,0.32394254207611084,-0.7739787101745605,0.1788475662469864,-0.5168445110321045,-0.13453805446624756,0.19788731634616852,-0.3584555387496948,0.4241068959236145,-0.37093234062194824,-0.8514721989631653,0.5120394825935364,-0.7558000087738037,0.1855725646018982,0.22368374466896057,0.22254034876823425,0.25079816579818726,0.14217327535152435,0.5983514189720154,-0.8376182913780212,-1.353292465209961,-0.5897467732429504,0.13763868808746338,0.3415052890777588,0.2713460326194763,-0.4399024248123169,0.9021811485290527,-0.3596968650817871,0.32049262523651123,-0.10084478557109833,0.11579474806785583
s7p_c,-0.587139904499054,-0.0321580171585083,-0.6357077956199646,0.2055928260087967,-0.3612120747566223,-0.5913248062133789,0.1553526669740677,-0.2749825716018677,-0.039961159229278564,-0.6279654502868652,0.22765755653381348,0.5782767534255981,0.17554882168769836,0.29250264167785645,-0.24474678933620453,-0.005326449871063232,0.5760073065757751,-0.07870011031627655,-0.14953705668449402,0.5782871246337891,-0.6816807389259338,-0.7555277347564697,0.8191819787025452,0.1982780247926712,-0.21001078188419342,-0.531354546546936,0.28915292024612427,-0.21676021814346313,0.8570839762687683,-0.9763864874839783,0.9465934634208679,-0.22532987594604492,-1.7781882286071777,-0.15859611332416534,0.21785828471183777,-0.8722631335258484,0.04889766871929169,-0.3501614034175873,-0.33692315220832825,0.12892676889896393,-0.2884082794189453,0.29570460319519043,-0.21315625309944153,-0.7346156239509583,0.4638495445251465,-0.6355502605438232,-0.023872733116149902,-0.07941271364688873,0.2687148451805115,0.07159927487373352,0.2437049001455307,0.7670736908912659,-0.5519978404045105,-1.1991628408432007,-0.31903278827667236,-0.006753608584403992,0.2132825404405594,0.20322471857070923,-0.37519294023513794,0.7529659271240234,-0.1999695599079132,0.004626825451850891,-0.0004711747169494629,0.30712056159973145
xu5p__D_c,-0.6241801977157593,0.05040763318538666,-0.5841927528381348,0.11675369739532471,-0.34649497270584106,-0.5813808441162109,0.09746505320072174,-0.2528519630432129,-0.08803451806306839,-0.5515000224113464,0.2830670177936554,0.4920620024204254,0.10443677008152008,0.34840744733810425,-0.12963874638080597,-0.020212322473526,0.46130990982055664,-0.09474657475948334,-0.1604485660791397,0.6087972521781921,-0.6047303676605225,-0.5612533688545227,0.690930187702179,0.26933884620666504,-0.2872048020362854,-0.5446778535842896,0.09287382662296295,-0.13684214651584625,0.7269939184188843,-1.0102508068084717,0.9022406339645386,-0.13393360376358032,-1.7292577028274536,-0.11230872571468353,0.20117050409317017,-0.9543974995613098,0.04002322256565094,-0.267503023147583,-0.5030072927474976,0.02151794731616974,-0.15190206468105316,0.19948482513427734,-0.09288828074932098,-0.6358192563056946,0.4226842522621155,-0.6235418915748596,-0.1391063928604126,-0.2474444955587387,0.2951743006706238,0.014531046152114868,0.2790378928184509,0.8602506518363953,-0.4497443735599518,-1.1116091012954712,-0.13309793174266815,-0.0011348873376846313,0.11865295469760895,0.1737309843301773,-0.32362306118011475,0.6381118297576904,-0.09280099719762802,-0.22208908200263977,0.07126142084598541,0.3646637797355652
glc__D_e,-0.6480821371078491,-0.2828840911388397,-0.6407959461212158,0.2359009087085724,-0.36636844277381897,-0.623424232006073,0.30457672476768494,-0.2672256827354431,-0.05632534995675087,-0.6682431101799011,0.18938259780406952,0.7183904647827148,0.26841962337493896,0.1979704648256302,-0.2863205373287201,-0.03729327768087387,0.647454023361206,-0.06254422664642334,-0.1421871781349182,0.5273407101631165,-0.7514268159866333,-0.8649812936782837,0.9448111653327942,0.11269684880971909,-0.13526839017868042,-0.5180201530456543,0.39143282175064087,-0.2746124565601349,1.0760282278060913,-0.9704222083091736,0.9483705163002014,-0.33277180790901184,-1.869856834411621,-0.25169554352760315,0.2767351567745209,-0.7987866401672363,0.15115022659301758,-0.46756136417388916,-0.20134879648685455,0.16986709833145142,-0.3342864513397217,0.37265723943710327,-0.2986723482608795,-0.801712155342102,0.49866989254951477,-0.7186664342880249,0.1108936220407486,0.10173963755369186,0.24212104082107544,0.19771601259708405,0.1871231496334076,0.6657612323760986,-0.7531457543373108,-1.3120158910751343,-0.48621436953544617,0.09377764165401459,0.29733017086982727,0.2558540105819702,-0.4107811152935028,0.8454978466033936,-0.30053696036338806,0.19302478432655334,-0.06483244895935059,0.20736289024353027
fru_e,-0.6480821371078491,-0.2828840911388397,-0.6407959461212158,0.2359009087085724,-0.36636844277381897,-0.623424232006073,0.30457672476768494,-0.2672256827354431,-0.05632534995675087,-0.6682431101799011,0.18938259780406952,0.7183904647827148,0.26841962337493896,0.1979704648256302,-0.2863205373287201,-0.03729327768087387,0.647454023361206,-0.06254422664642334,-0.1421871781349182,0.5273407101631165,-0.7514268159866333,-0.8649812936782837,0.9448111653327942,0.11269684880971909,-0.13526839017868042,-0.5180201530456543,0.39143282175064087,-0.2746124565601349,1.0760282278060913,-0.9704222083091736,0.9483705163002014,-0.33277180790901184,-1.869856834411621,-0.25169554352760315,0.2767351567745209,-0.7987866401672363,0.15115022659301758,-0.46756136417388916,-0.20134879648685455,0.16986709833145142,-0.3342864513397217,0.37265723943710327,-0.2986723482608795,-0.801712155342102,0.49866989254951477,-0.7186664342880249,0.1108936220407486,0.10173963755369186,0.24212104082107544,0.19771601259708405,0.1871231496334076,0.6657612323760986,-0.7531457543373108,-1.3120158910751343,-0.48621436953544617,0.09377764165401459,0.29733017086982727,0.2558540105819702,-0.4107811152935028,0.8454978466033936,-0.30053696036338806,0.19302478432655334,-0.06483244895935059,0.20736289024353027
fdp_c,-0.7496764659881592,-0.685936689376831,-0.658458411693573,0.30506467819213867,-0.4668313264846802,-0.7027175426483154,0.5522757768630981,-0.21886524558067322,-0.11947953701019287,-0.8079569935798645,0.13504540920257568,0.9971684217453003,0.4606786072254181,0.10542871057987213,-0.4438890218734741,-0.07869197428226471,0.8749403357505798,-0.00873817503452301,-0.15334147214889526,0.5166658163070679,-0.9487326145172119,-1.0768567323684692,1.1516709327697754,0.005750343203544617,-0.010819032788276672,-0.48909664154052734,0.6431900262832642,-0.37280115485191345,1.4411851167678833,-0.9709455370903015,0.9665799736976624,-0.5534311532974243,-2.037111520767212,-0.46977508068084717,0.3947773277759552,-0.6959918737411499,0.34388190507888794,-0.7403054237365723,0.04037007689476013,0.21225383877754211,-0.4846023917198181,0.5561679601669312,-0.45029300451278687,-0.9798418879508972,0.6104039549827576,-0.8310704231262207,0.38499051332473755,0.43005311489105225,0.21127784252166748,0.4389660358428955,0.14195242524147034,0.46219295263290405,-1.1686692237854004,-1.5351805686950684,-0.8116406798362732,0.23728874325752258,0.46944916248321533,0.3653806447982788,-0.4727073311805725,1.049948811531067,-0.47930222749710083,0.5714151263237,-0.21608085930347443,0.06217091530561447
accoa_c,-0.6480821371078491,-0.2828840911388397,-0.6407959461212158,0.2359009087085724,-0.36636844277381897,-0.623424232006073,0.30457672476768494,-0.2672256827354431,-0.05632534995675087,-0.6682431101799011,0.18938259780406952,0.7183904647827148,0.26841962337493896,0.1979704648256302,-0.2863205373287201,-0.03729327768087387,0.647454023361206,-0.06254422664642334,-0.1421871781349182,0.5273407101631165,-0.7514268159866333,-0.8649812936782837,0.9448111653327942,0.11269684880971909,-0.13526839017868042,-0.5180201530456543,0.39143282175064087,-0.2746124565601349,1.0760282278060913,-0.9704222083091736,0.9483705163002014,-0.33277180790901184,-1.869856834411621,-0.25169554352760315,0.2767351567745209,-0.7987866401672363,0.15115022659301758,-0.46756136417388916,-0.20134879648685455,0.16986709833145142,-0.3342864513397217,0.37265723943710327,-0.2986723482608795,-0.801712155342102,0.49866989254951477,-0.7186664342880249,0.1108936220407486,0.10173963755369186,0.24212104082107544,0.19771601259708405,0.1871231496334076,0.6657612323760986,-0.7531457543373108,-1.3120158910751343,-0.48621436953544617,0.09377764165401459,0.29733017086982727,0.2558540105819702,-0.4107811152935028,0.8454978466033936,-0.30053696036338806,0.19302478432655334,-0.06483244895935059,0.20736289024353027
actp_c,-0.6349912881851196,-0.15662062168121338,-0.6342226266860962,0.20505116879940033,-0.3848138451576233,-0.5953000783920288,0.236697718501091,-0.27393895387649536,-0.05086333304643631,-0.6630090475082397,0.21345382928848267,0.6481982469558716,0.23469525575637817,0.2670099139213562,-0.2871078848838806,-0.03335924446582794,0.6380764842033386,-0.05614985525608063,-0.14457285404205322,0.5770733952522278,-0.7480254173278809,-0.8191561698913574,0.8739146590232849,0.17414213716983795,-0.17946882545948029,-0.5348712205886841,0.3617762327194214,-0.2471652328968048,0.9474865794181824,-0.9686418175697327,0.9331069588661194,-0.2883526086807251,-1.823456048965454,-0.21134795248508453,0.24238890409469604,-0.833692193031311,0.10334940254688263,-0.419850617647171,-0.2551416754722595,0.14611442387104034,-0.3288208246231079,0.3404536247253418,-0.2621985971927643,-0.7849053740501404,0.4933709502220154,-0.6628246307373047,0.05223369598388672,0.019570812582969666,0.2641426920890808,0.13828223943710327,0.22681725025177002,0.7078133225440979,-0.6786181330680847,-1.2690671682357788,-0.41085177659988403,0.030250996351242065,0.2585383653640747,0.2440660297870636,-0.3819095492362976,0.8148964643478394,-0.24660928547382355,0.11154796183109283,-0.039981648325920105,0.2818823754787445
o2_c,-0.6480821371078491,-0.2828840911388397,-0.6407959461212158,0.2359009087085724,-0.36636844277381897,-0.623424232006073,0.30457672476768494,-0.2672256827354431,-0.05632534995675087,-0.6682431101799011,0.18938259780406952,0.7183904647827148,0.26841962337493896,0.1979704648256302,-0.2863205373287201,-0.03729327768087387,0.647454023361206,-0.06254422664642334,-0.1421871781349182,0.5273407101631165,-0.7514268159866333,-0.8649812936782837,0.9448111653327942,0.11269684880971909,-0.13526839017868042,-0.5180201530456543,0.39143282175064087,-0.2746124565601349,1.0760282278060913,-0.9704222083091736,0.9483705163002014,-0.33277180790901184,-1.869856834411621,-0.25169554352760315,0.2767351567745209,-0.7987866401672363,0.15115022659301758,-0.46756136417388916,-0.20134879648685455,0.16986709833145142,-0.3342864513397217,0.37265723943710327,-0.2986723482608795,-0.801712155342102,0.49866989254951477,-0.7186664342880249,0.1108936220407486,0.10173963755369186,0.24212104082107544,0.19771601259708405,0.1871231496334076,0.6657612323760986,-0.7531457543373108,-1.3120158910751343,-0.48621436953544617,0.09377764165401459,0.29733017086982727,0.2558540105819702,-0.4107811152935028,0.8454978466033936,-0.30053696036338806,0.19302478432655334,-0.06483244895935059,0.20736289024353027
q8_c,-0.6480821371078491,-0.2828840911388397,-0.6407959461212158,0.2359009087085724,-0.36636844277381897,-0.623424232006073,0.30457672476768494,-0.2672256827354431,-0.05632534995675087,-0.6682431101799011,0.18938259780406952,0.7183904647827148,0.26841962337493896,0.1979704648256302,-0.2863205373287201,-0.03729327768087387,0.647454023361206,-0.06254422664642334,-0.1421871781349182,0.5273407101631165,-0.7514268159866333,-0.8649812936782837,0.9448111653327942,0.11269684880971909,-0.13526839017868042,-0.5180201530456543,0.39143282175064087,-0.2746124565601349,1.0760282278060913,-0.9704222083091736,0.9483705163002014,-0.33277180790901184,-1.869856834411621,-0.25169554352760315,0.2767351567745209,-0.7987866401672363,0.15115022659301758,-0.46756136417388916,-0.20134879648685455,0.16986709833145142,-0.3342864513397217,0.37265723943710327,-0.2986723482608795,-0.801712155342102,0.49866989254951477,-0.7186664342880249,0.1108936220407486,0.10173963755369186,0.24212104082107544,0.19771601259708405,0.1871231496334076,0.6657612323760986,-0.7531457543373108,-1.3120158910751343,-0.48621436953544617,0.09377764165401459,0.29733017086982727,0.2558540105819702,-0.4107811152935028,0.8454978466033936,-0.30053696036338806,0.19302478432655334,-0.06483244895935059,0.20736289024353027
q8h2_c,-0.6480821371078491,-0.2828840911388397,-0.6407959461212158,0.2359009087085724,-0.36636844277381897,-0.623424232006073,0.30457672476768494,-0.2672256827354431,-0.05632534995675087,-0.6682431101799011,0.18938259780406952,0.7183904647827148,0.26841962337493896,0.1979704648256302,-0.2863205373287201,-0.03729327768087387,0.647454023361206,-0.06254422664642334,-0.1421871781349182,0.5273407101631165,-0.7514268159866333,-0.8649812936782837,0.9448111653327942,0.11269684880971909,-0.13526839017868042,-0.5180201530456543,0.39143282175064087,-0.2746124565601349,1.0760282278060913,-0.9704222083091736,0.9483705163002014,-0.33277180790901184,-1.869856834411621,-0.25169554352760315,0.2767351567745209,-0.7987866401672363,0.15115022659301758,-0.46756136417388916,-0.20134879648685455,0.16986709833145142,-0.3342864513397217,0.37265723943710327,-0.2986723482608795,-0.801712155342102,0.49866989254951477,-0.7186664342880249,0.1108936220407486,0.10173963755369186,0.24212104082107544,0.19771601259708405,0.1871231496334076,0.6657612323760986,-0.7531457543373108,-1.3120158910751343,-0.48621436953544617,0.09377764165401459,0.29733017086982727,0.2558540105819702,-0.4107811152935028,0.8454978466033936,-0.30053696036338806,0.19302478432655334,-0.06483244895935059,0.20736289024353027
fum_c,-0.5493277311325073,-0.056311026215553284,-0.6633853912353516,0.2247062623500824,-0.28525543212890625,-0.5996459722518921,0.1545657366514206,-0.28681427240371704,-0.022543713450431824,-0.595525324344635,0.20821163058280945,0.6482818126678467,0.13551340997219086,0.2248256653547287,-0.20463557541370392,0.016731634736061096,0.5212024450302124,-0.10217924416065216,-0.1457173228263855,0.46604472398757935,-0.6312638521194458,-0.7562750577926636,0.8263057470321655,0.14656077325344086,-0.16605694591999054,-0.5005208253860474,0.2843427062034607,-0.2312709242105484,0.9223012328147888,-0.9897845387458801,0.9869177341461182,-0.21384623646736145,-1.7732998132705688,-0.13078035414218903,0.2103201448917389,-0.846409797668457,0.005106076598167419,-0.29720672965049744,-0.3205927014350891,0.16533559560775757,-0.2631028890609741,0.28823956847190857,-0.2421966791152954,-0.6994947195053101,0.42598074674606323,-0.670250654220581,-0.007688403129577637,-0.06594939529895782,0.23010626435279846,0.027548059821128845,0.20233500003814697,0.7318140268325806,-0.4865869879722595,-1.1589945554733276,-0.33372271060943604,0.008893214166164398,0.2232844978570938,0.18453532457351685,-0.40703684091567993,0.7419600486755371,-0.23240810632705688,-0.0207548588514328,0.02583775669336319,0.23223534226417542
fum_e,-0.6480821371078491,-0.2828840911388397,-0.6407959461212158,0.2359009087085724,-0.36636844277381897,-0.623424232006073,0.30457672476768494,-0.2672256827354431,-0.05632534995675087,-0.6682431101799011,0.18938259780406952,0.7183904647827148,0.26841962337493896,0.1979704648256302,-0.2863205373287201,-0.03729327768087387,0.647454023361206,-0.06254422664642334,-0.1421871781349182,0.5273407101631165,-0.7514268159866333,-0.8649812936782837,0.9448111653327942,0.11269684880971909,-0.13526839017868042,-0.5180201530456543,0.39143282175064087,-0.2746124565601349,1.0760282278060913,-0.9704222083091736,0.9483705163002014,-0.33277180790901184,-1.869856834411621,-0.25169554352760315,0.2767351567745209,-0.7987866401672363,0.15115022659301758,-0.46756136417388916,-0.20134879648685455,0.16986709833145142,-0.3342864513397217,0.37265723943710327,-0.2986723482608795,-0.801712155342102,0.49866989254951477,-0.7186664342880249,0.1108936220407486,0.10173963755369186,0.24212104082107544,0.19771601259708405,0.1871231496334076,0.6657612323760986,-0.7531457543373108,-1.3120158910751343,-0.48621436953544617,0.09377764165401459,0.29733017086982727,0.2558540105819702,-0.4107811152935028,0.8454978466033936,-0.30053696036338806,0.19302478432655334,-0.06483244895935059,0.20736289024353027
3pg_c,-0.6155626773834229,0.29264935851097107,-0.5707429051399231,0.08045666664838791,-0.2801857590675354,-0.5110651254653931,-0.02194809913635254,-0.30402839183807373,-0.04226844012737274,-0.48474419116973877,0.29448533058166504,0.29464301466941833,-0.043097540736198425,0.40990322828292847,-0.14208798110485077,-0.02849973365664482,0.3552170991897583,-0.10401789844036102,-0.12634605169296265,0.639031708240509,-0.5206927061080933,-0.4655522108078003,0.5491042137145996,0.3324599266052246,-0.3598938584327698,-0.5657682418823242,0.01164446771144867,-0.06304089725017548,0.4897553324699402,-0.9360917210578918,0.8305751085281372,-0.02515280246734619,-1.590644121170044,0.021265506744384766,0.061195164918899536,-0.9344226717948914,-0.0684298723936081,-0.12175644934177399,-0.5729990005493164,0.014049217104911804,-0.14150618016719818,0.09149545431137085,0.049574632197618484,-0.5162904858589172,0.3933263421058655,-0.5449397563934326,-0.3039705157279968,-0.45661473274230957,0.3233852982521057,-0.1356579214334488,0.3445119857788086,0.9919265508651733,-0.22707624733448029,-1.0322684049606323,0.04363298416137695,-0.11799339950084686,0.052711665630340576,0.15285474061965942,-0.30049997568130493,0.5340062379837036,-0.01985330879688263,-0.46748054027557373,0.1538657546043396,0.5166154503822327
akg_c,-0.6288454532623291,-0.3121715784072876,-0.6603250503540039,0.2568818926811218,-0.3719415068626404,-0.6446733474731445,0.3135049343109131,-0.2513140141963959,-0.07056839764118195,-0.6889708042144775,0.18287450075149536,0.7936890125274658,0.2732295095920563,0.18570411205291748,-0.3032274842262268,-0.020288988947868347,0.673218309879303,-0.060318723320961,-0.1555105447769165,0.49545353651046753,-0.7665390372276306,-0.8805307149887085,0.9549811482429504,0.09815807640552521,-0.10795654356479645,-0.49573689699172974,0.4308207631111145,-0.2881615459918976,1.1302379369735718,-0.9881017804145813,0.9812709093093872,-0.35496431589126587,-1.883676290512085,-0.27689969539642334,0.2908191382884979,-0.7962824702262878,0.14564798772335052,-0.4854404926300049,-0.18053868412971497,0.17688611149787903,-0.35100626945495605,0.3989253044128418,-0.32710349559783936,-0.8194246292114258,0.5040055513381958,-0.7305734753608704,0.156465083360672,0.13575296103954315,0.22545158863067627,0.20063166320323944,0.18186409771442413,0.6189998388290405,-0.7713037133216858,-1.3104658126831055,-0.5258948802947998,0.10160323977470398,0.32288646697998047,0.25643086433410645,-0.42876917123794556,0.8698277473449707,-0.3273634910583496,0.225285604596138,-0.0774889588356018,0.16557881236076355
e4p_c,-0.7140663862228394,-0.6497845649719238,-0.6495497226715088,0.3055011034011841,-0.45241791009902954,-0.6983551979064941,0.5134572386741638,-0.23032498359680176,-0.09730896353721619,-0.789750874042511,0.13935011625289917,0.9573631286621094,0.46217599511146545,0.1037321463227272,-0.39032435417175293,-0.0628357082605362,0.8403940200805664,-0.02523590624332428,-0.15033003687858582,0.5120779275894165,-0.908738374710083,-1.064968466758728,1.1561681032180786,0.008076891303062439,-0.0269862562417984,-0.5017246603965759,0.5961959362030029,-0.37629908323287964,1.4160473346710205,-0.9836898446083069,0.9831834435462952,-0.5265576839447021,-2.0325050354003906,-0.44958144426345825,0.40415695309638977,-0.7219167947769165,0.3172474503517151,-0.7034001350402832,0.005392789840698242,0.20955660939216614,-0.4467949867248535,0.5345045328140259,-0.4562024176120758,-0.9704633951187134,0.5900171399116516,-0.8151406645774841,0.35055476427078247,0.42681896686553955,0.21765971183776855,0.42398154735565186,0.12257163226604462,0.4857293367385864,-1.1229000091552734,-1.5032484531402588,-0.7808414101600647,0.22969886660575867,0.4407186508178711,0.3429114520549774,-0.46143633127212524,1.0296705961227417,-0.4557492733001709,0.5671895742416382,-0.2029876857995987,0.04872550815343857
gln__L_c,-0.587139904499054,-0.0321580171585083,-0.6357077956199646,0.2055928260087967,-0.3612120747566223,-0.5913248062133789,0.1553526669740677,-0.2749825716018677,-0.039961159229278564,-0.6279654502868652,0.22765755653381348,0.5782767534255981,0.17554882168769836,0.29250264167785645,-0.24474678933620453,-0.005326449871063232,0.5760073065757751,-0.07870011031627655,-0.14953705668449402,0.5782871246337891,-0.6816807389259338,-0.7555277347564697,0.8191819787025452,0.1982780247926712,-0.21001078188419342,-0.531354546546936,0.28915292024612427,-0.21676021814346313,0.8570839762687683,-0.9763864874839783,0.9465934634208679,-0.22532987594604492,-1.7781882286071777,-0.15859611332416534,0.21785828471183777,-0.8722631335258484,0.04889766871929169,-0.3501614034175873,-0.33692315220832825,0.12892676889896393,-0.2884082794189453,0.29570460319519043,-0.21315625309944153,-0.7346156239509583,0.4638495445251465,-0.6355502605438232,-0.023872733116149902,-0.07941271364688873,0.2687148451805115,0.07159927487373352,0.2437049001455307,0.7670736908912659,-0.5519978404045105,-1.1991628408432007,-0.31903278827667236,-0.006753608584403992,0.2132825404405594,0.20322471857070923,-0.37519294023513794,0.7529659271240234,-0.1999695599079132,0.004626825451850891,-0.0004711747169494629,0.30712056159973145
glu__L_c,-0.6682023406028748,-0.19865043461322784,-0.6515512466430664,0.22650687396526337,-0.39720773696899414,-0.605789303779602,0.27858495712280273,-0.264873206615448,-0.06696084886789322,-0.689841628074646,0.19730281829833984,0.6766369342803955,0.2317337691783905,0.26096999645233154,-0.35473620891571045,-0.04980064928531647,0.6734023094177246,-0.03572778403759003,-0.14160799980163574,0.5773000121116638,-0.7847513556480408,-0.8436870574951172,0.880102813243866,0.16088618338108063,-0.15590395033359528,-0.519666314125061,0.4124789834022522,-0.25018447637557983,0.9875127673149109,-0.9448406100273132,0.9154294729232788,-0.3149572014808655,-1.8317272663116455,-0.23383326828479767,0.21808549761772156,-0.7917922139167786,0.1254662722349167,-0.46135202050209045,-0.21229584515094757,0.15869402885437012,-0.3766964077949524,0.3572486340999603,-0.24069368839263916,-0.7790343165397644,0.5141831636428833,-0.6836365461349487,0.08358004689216614,0.018671095371246338,0.2596778869628906,0.1578858643770218,0.2563779950141907,0.6941425204277039,-0.7275853753089905,-1.3154464960098267,-0.4443541169166565,0.03842076659202576,0.2988538146018982,0.2662782669067383,-0.41084617376327515,0.833747386932373,-0.2894589900970459,0.11437742412090302,-0.05075165629386902,0.2928885221481323
oaa_c,-0.6763967275619507,-0.2748235762119293,-0.6347207427024841,0.2208595871925354,-0.3922961950302124,-0.6095482110977173,0.3164631724357605,-0.2785615622997284,-0.05151784420013428,-0.6888218522071838,0.19029736518859863,0.7069926261901855,0.2845878303050995,0.22432571649551392,-0.32756924629211426,-0.05466903746128082,0.6887240409851074,-0.047447189688682556,-0.1319935917854309,0.5690049529075623,-0.7952779531478882,-0.8909610509872437,0.944281280040741,0.1298578828573227,-0.140499547123909,-0.5333678722381592,0.4267747402191162,-0.2751545310020447,1.0519241094589233,-0.9545360207557678,0.9257820844650269,-0.34538590908050537,-1.8687454462051392,-0.2586195468902588,0.26587435603141785,-0.7832311987876892,0.16116361320018768,-0.4861743152141571,-0.17550629377365112,0.1690237671136856,-0.3736705780029297,0.3857871890068054,-0.3002055585384369,-0.8262465000152588,0.5213162899017334,-0.7041870951652527,0.11502867937088013,0.11206229031085968,0.25468766689300537,0.20236699283123016,0.2074873000383377,0.6674566864967346,-0.7916737198829651,-1.343436360359192,-0.5050302147865295,0.07434049248695374,0.3057897686958313,0.28096339106559753,-0.40437376499176025,0.8658838272094727,-0.3036627769470215,0.21078161895275116,-0.07503147423267365,0.24413056671619415
2pg_c,-0.6285932064056396,-0.3754531443119049,-0.6603982448577881,0.2741823196411133,-0.3044366240501404,-0.6363780498504639,0.3547170162200928,-0.3114315867424011,-0.00661371648311615,-0.6484909653663635,0.14075356721878052,0.7890896797180176,0.28545576333999634,0.09624256193637848,-0.2793601155281067,-0.02923823893070221,0.6393171548843384,-0.07864023745059967,-0.10550588369369507,0.4371873140335083,-0.7288956642150879,-0.9601373672485352,1.038851022720337,0.01892809569835663,-0.06281550228595734,-0.5210056304931641,0.4353853464126587,-0.3166041374206543,1.2054226398468018,-0.9619843363761902,0.9767136573791504,-0.3649928569793701,-1.9050196409225464,-0.26175355911254883,0.28457769751548767,-0.7266152501106262,0.14428414404392242,-0.46104854345321655,-0.12193810939788818,0.2347923070192337,-0.3589171767234802,0.4097103476524353,-0.3624679446220398,-0.8130281567573547,0.4831869602203369,-0.780779242515564,0.14620357751846313,0.20895567536354065,0.2065393477678299,0.20946259796619415,0.12612858414649963,0.6264896392822266,-0.7793681025505066,-1.3556597232818604,-0.589468240737915,0.12917648255825043,0.3370513916015625,0.27329710125923157,-0.45877915620803833,0.877740740776062,-0.3837512135505676,0.27263838052749634,-0.07431289553642273,0.10959227383136749
6pgc_c,-0.7496764659881592,-0.685936689376831,-0.658458411693573,0.30506467819213867,-0.4668313264846802,-0.7027175426483154,0.5522757768630981,-0.21886524558067322,-0.11947953701019287,-0.8079569935798645,0.13504540920257568,0.9971684217453003,0.4606786072254181,0.10542871057987213,-0.4438890218734741,-0.07869197428226471,0.8749403357505798,-0.00873817503452301,-0.15334147214889526,0.5166658163070679,-0.9487326145172119,-1.0768567323684692,1.1516709327697754,0.005750343203544617,-0.010819032788276672,-0.48909664154052734,0.6431900262832642,-0.37280115485191345,1.4411851167678833,-0.9709455370903015,0.9665799736976624,-0.5534311532974243,-2.037111520767212,-0.46977508068084717,0.3947773277759552,-0.6959918737411499,0.34388190507888794,-0.7403054237365723,0.04037007689476013,0.21225383877754211,-0.4846023917198181,0.5561679601669312,-0.45029300451278687,-0.9798418879508972,0.6104039549827576,-0.8310704231262207,0.38499051332473755,0.43005311489105225,0.21127784252166748,0.4389660358428955,0.14195242524147034,0.46219295263290405,-1.1686692237854004,-1.5351805686950684,-0.8116406798362732,0.23728874325752258,0.46944916248321533,0.3653806447982788,-0.4727073311805725,1.049948811531067,-0.47930222749710083,0.5714151263237,-0.21608085930347443,0.06217091530561447
6pgl_c,-0.6347002387046814,-0.39367321133613586,-0.6523277163505554,0.2727940082550049,-0.36558717489242554,-0.6542353630065918,0.3552873134613037,-0.266245573759079,-0.04990434646606445,-0.6963412165641785,0.16441559791564941,0.813003420829773,0.32438042759895325,0.14234042167663574,-0.29167455434799194,-0.027253851294517517,0.6892733573913574,-0.06759561598300934,-0.1408749222755432,0.48356568813323975,-0.7741326689720154,-0.9393198490142822,1.0272084474563599,0.05731023848056793,-0.08619029819965363,-0.5062562823295593,0.45056748390197754,-0.3181755244731903,1.2090709209442139,-0.9889536499977112,0.9892717003822327,-0.3850927948951721,-1.9225897789001465,-0.30466848611831665,0.32394254207611084,-0.7739787101745605,0.1788475662469864,-0.5168445110321045,-0.13453805446624756,0.19788731634616852,-0.3584555387496948,0.4241068959236145,-0.37093234062194824,-0.8514721989631653,0.5120394825935364,-0.7558000087738037,0.1855725646018982,0.22368374466896057,0.22254034876823425,0.25079816579818726,0.14217327535152435,0.5983514189720154,-0.8376182913780212,-1.353292465209961,-0.5897467732429504,0.13763868808746338,0.3415052890777588,0.2713460326194763,-0.4399024248123169,0.9021811485290527,-0.3596968650817871,0.32049262523651123,-0.10084478557109833,0.11579474806785583
co2_c,-0.7087056636810303,-0.7400243282318115,-0.6331708431243896,0.3154301643371582,-0.5044001340866089,-0.7291948795318604,0.5520951151847839,-0.1968015730381012,-0.1216951310634613,-0.8292509913444519,0.14267665147781372,1.0160956382751465,0.5348192453384399,0.10218740254640579,-0.38599181175231934,-0.05139409005641937,0.9002043008804321,-0.02759478986263275,-0.16677749156951904,0.529828667640686,-0.9436479806900024,-1.0996407270431519,1.2095999717712402,-0.006878450512886047,-0.02139665186405182,-0.4974949359893799,0.6251904368400574,-0.402927041053772,1.496656060218811,-1.0069842338562012,1.005922555923462,-0.5782711505889893,-2.0779647827148438,-0.5202228426933289,0.4795420467853546,-0.7479301691055298,0.3784458637237549,-0.7815839052200317,0.02428271621465683,0.18863986432552338,-0.44653940200805664,0.5805346965789795,-0.5100466012954712,-1.038629412651062,0.6240516304969788,-0.8249622583389282,0.41810786724090576,0.5313320755958557,0.21239212155342102,0.5043692588806152,0.0892128050327301,0.43989354372024536,-1.2285068035125732,-1.5374155044555664,-0.849486231803894,0.27095624804496765,0.46253013610839844,0.3486782908439636,-0.4537796974182129,1.0783803462982178,-0.4696536958217621,0.6966058015823364,-0.2577747106552124,-0.009049706161022186
succoa_c,-0.6480821371078491,-0.2828840911388397,-0.6407959461212158,0.2359009087085724,-0.36636844277381897,-0.623424232006073,0.30457672476768494,-0.2672256827354431,-0.05632534995675087,-0.6682431101799011,0.18938259780406952,0.7183904647827148,0.26841962337493896,0.1979704648256302,-0.2863205373287201,-0.03729327768087387,0.647454023361206,-0.06254422664642334,-0.1421871781349182,0.5273407101631165,-0.7514268159866333,-0.8649812936782837,0.9448111653327942,0.11269684880971909,-0.13526839017868042,-0.5180201530456543,0.39143282175064087,-0.2746124565601349,1.0760282278060913,-0.9704222083091736,0.9483705163002014,-0.33277180790901184,-1.869856834411621,-0.25169554352760315,0.2767351567745209,-0.7987866401672363,0.15115022659301758,-0.46756136417388916,-0.20134879648685455,0.16986709833145142,-0.3342864513397217,0.37265723943710327,-0.2986723482608795,-0.801712155342102,0.49866989254951477,-0.7186664342880249,0.1108936220407486,0.10173963755369186,0.24212104082107544,0.19771601259708405,0.1871231496334076,0.6657612323760986,-0.7531457543373108,-1.3120158910751343,-0.48621436953544617,0.09377764165401459,0.29733017086982727,0.2558540105819702,-0.4107811152935028,0.8454978466033936,-0.30053696036338806,0.19302478432655334,-0.06483244895935059,0.20736289024353027
acon_C_c,-0.5956107378005981,-0.2566016614437103,-0.6561168432235718,0.25607383251190186,-0.28736603260040283,-0.6228482723236084,0.2761850953102112,-0.3068001866340637,-0.0033494532108306885,-0.6285375356674194,0.16671836376190186,0.7267006635665894,0.23730245232582092,0.1391327828168869,-0.2339032143354416,-0.011629626154899597,0.5888032913208008,-0.09977371990680695,-0.11893659830093384,0.44621509313583374,-0.6860654950141907,-0.8873040676116943,0.9689146280288696,0.06223662197589874,-0.10589440166950226,-0.5101619958877563,0.37068629264831543,-0.28914976119995117,1.1045174598693848,-0.9763496518135071,0.9867462515830994,-0.30166757106781006,-1.8582959175109863,-0.2065238505601883,0.2667336165904999,-0.7751363515853882,0.09583236277103424,-0.3954906165599823,-0.19475466012954712,0.20925995707511902,-0.3151041865348816,0.3602431118488312,-0.3241943120956421,-0.773497462272644,0.46185147762298584,-0.7369152903556824,0.08421579003334045,0.11507787555456161,0.2176676094532013,0.1425153762102127,0.1432507485151291,0.6699240803718567,-0.6658082604408264,-1.2767192125320435,-0.49222010374069214,0.08872565627098083,0.28906553983688354,0.23612242937088013,-0.4403029680252075,0.8254687786102295,-0.3218297064304352,0.174712672829628,-0.03374241292476654,0.14570912718772888
akg_e,-0.7937767505645752,-0.5748093128204346,-0.6469830274581909,0.2671189308166504,-0.48038315773010254,-0.6640305519104004,0.5203619003295898,-0.2355286180973053,-0.11197878420352936,-0.810464084148407,0.15675371885299683,0.8778376579284668,0.418620228767395,0.17746691405773163,-0.4931454062461853,-0.10349275171756744,0.8756572008132935,0.008324161171913147,-0.13540753722190857,0.5953719019889832,-0.9658761024475098,-1.046473741531372,1.079468011856079,0.06622157990932465,-0.06350798904895782,-0.5039777755737305,0.6288197040557861,-0.33417513966560364,1.3027245998382568,-0.9167831540107727,0.897899866104126,-0.5121116042137146,-1.9776239395141602,-0.41783052682876587,0.32397887110710144,-0.6936704516410828,0.32704246044158936,-0.7119474411010742,0.014512352645397186,0.19665756821632385,-0.509270191192627,0.5127711892127991,-0.3598130941390991,-0.9408215284347534,0.6305446624755859,-0.7840619087219238,0.30964145064353943,0.31587064266204834,0.24823406338691711,0.3929412364959717,0.2147815078496933,0.5316756367683411,-1.1255488395690918,-1.5355793237686157,-0.7250322103500366,0.17612919211387634,0.4401724338531494,0.376090407371521,-0.45480602979660034,1.0157933235168457,-0.44244593381881714,0.4636208415031433,-0.18420617282390594,0.18950147926807404
nh4_c,-0.6480821371078491,-0.2828840911388397,-0.6407959461212158,0.2359009087085724,-0.36636844277381897,-0.623424232006073,0.30457672476768494,-0.2672256827354431,-0.05632534995675087,-0.6682431101799011,0.18938259780406952,0.7183904647827148,0.26841962337493896,0.1979704648256302,-0.2863205373287201,-0.03729327768087387,0.647454023361206,-0.06254422664642334,-0.1421871781349182,0.5273407101631165,-0.7514268159866333,-0.8649812936782837,0.9448111653327942,0.11269684880971909,-0.13526839017868042,-0.5180201530456543,0.39143282175064087,-0.2746124565601349,1.0760282278060913,-0.9704222083091736,0.9483705163002014,-0.33277180790901184,-1.869856834411621,-0.25169554352760315,0.2767351567745209,-0.7987866401672363,0.15115022659301758,-0.46756136417388916,-0.20134879648685455,0.16986709833145142,-0.3342864513397217,0.37265723943710327,-0.2986723482608795,-0.801712155342102,0.49866989254951477,-0.7186664342880249,0.1108936220407486,0.10173963755369186,0.24212104082107544,0.19771601259708405,0.1871231496334076,0.6657612323760986,-0.7531457543373108,-1.3120158910751343,-0.48621436953544617,0.09377764165401459,0.29733017086982727,0.2558540105819702,-0.4107811152935028,0.8454978466033936,-0.30053696036338806,0.19302478432655334,-0.06483244895935059,0.20736289024353027
nh4_e,-0.6480821371078491,-0.2828840911388397,-0.6407959461212158,0.2359009087085724,-0.36636844277381897,-0.623424232006073,0.30457672476768494,-0.2672256827354431,-0.05632534995675087,-0.6682431101799011,0.18938259780406952,0.7183904647827148,0.26841962337493896,0.1979704648256302,-0.2863205373287201,-0.03729327768087387,0.647454023361206,-0.06254422664642334,-0.1421871781349182,0.5273407101631165,-0.7514268159866333,-0.8649812936782837,0.9448111653327942,0.11269684880971909,-0.13526839017868042,-0.5180201530456543,0.39143282175064087,-0.2746124565601349,1.0760282278060913,-0.9704222083091736,0.9483705163002014,-0.33277180790901184,-1.869856834411621,-0.25169554352760315,0.2767351567745209,-0.7987866401672363,0.15115022659301758,-0.46756136417388916,-0.20134879648685455,0.16986709833145142,-0.3342864513397217,0.37265723943710327,-0.2986723482608795,-0.801712155342102,0.49866989254951477,-0.7186664342880249,0.1108936220407486,0.10173963755369186,0.24212104082107544,0.19771601259708405,0.1871231496334076,0.6657612323760986,-0.7531457543373108,-1.3120158910751343,-0.48621436953544617,0.09377764165401459,0.29733017086982727,0.2558540105819702,-0.4107811152935028,0.8454978466033936,-0.30053696036338806,0.19302478432655334,-0.06483244895935059,0.20736289024353027
acald_c,-0.5566291809082031,0.18614426255226135,-0.5361291766166687,0.14275097846984863,-0.3049832582473755,-0.41638049483299255,-0.05402868986129761,-0.2383679747581482,-0.09354229271411896,-0.487382709980011,0.37385809421539307,0.16525797545909882,-0.02468867599964142,0.3567546606063843,-0.04686012864112854,-0.019564487040042877,0.2976233959197998,-0.17183803021907806,-0.27312251925468445,0.6002808213233948,-0.5490648746490479,-0.5062887668609619,0.6500280499458313,0.40301579236984253,-0.4920242428779602,-0.5846083760261536,0.002202644944190979,-0.10068319737911224,0.4173843264579773,-0.9276825785636902,0.8212876319885254,-0.1082569807767868,-1.6136629581451416,0.025055065751075745,0.14496174454689026,-0.9341297149658203,-0.013939067721366882,-0.1477760672569275,-0.5764933228492737,0.16372965276241302,-0.05630891025066376,0.06656283140182495,-0.16593971848487854,-0.5564612150192261,0.346656858921051,-0.5348964929580688,-0.16296283900737762,-0.3145189881324768,0.24593956768512726,0.0282890647649765,0.1945871263742447,0.9713943600654602,-0.16557709872722626,-1.0091489553451538,0.09767395257949829,-0.0551285594701767,-5.707144737243652e-06,0.10127339512109756,-0.27069270610809326,0.5885552167892456,0.06060050427913666,-0.25022390484809875,0.16647587716579437,0.5537915229797363
etoh_c,-0.6669002771377563,-0.19707269966602325,-0.6510744094848633,0.22704146802425385,-0.39757442474365234,-0.6048953533172607,0.2777009606361389,-0.26523298025131226,-0.06711871176958084,-0.6892469525337219,0.19568109512329102,0.6756407022476196,0.23182028532028198,0.2614574730396271,-0.3548039197921753,-0.049731865525245667,0.6733161211013794,-0.035342827439308167,-0.14156222343444824,0.5762887597084045,-0.7833917737007141,-0.8423030972480774,0.8790658116340637,0.16049878299236298,-0.15455658733844757,-0.520801842212677,0.41300123929977417,-0.24952389299869537,0.9869243502616882,-0.9446962475776672,0.915440559387207,-0.31482577323913574,-1.8310918807983398,-0.2326924353837967,0.21735063195228577,-0.7900408506393433,0.12451128661632538,-0.460783451795578,-0.21222534775733948,0.15921838581562042,-0.37747836112976074,0.35781756043434143,-0.2405564785003662,-0.7793026566505432,0.5136507749557495,-0.6827212572097778,0.08376863598823547,0.01924532651901245,0.2594713568687439,0.15683846175670624,0.256989061832428,0.6928179860115051,-0.7266791462898254,-1.3152705430984497,-0.4440481662750244,0.03630295395851135,0.2989053726196289,0.266711562871933,-0.41054534912109375,0.8345091342926025,-0.29005661606788635,0.11468032002449036,-0.050536856055259705,0.2928869128227234
mal__L_c,-0.5491388440132141,-0.11989811062812805,-0.6628355383872986,0.24168701469898224,-0.2169923335313797,-0.5915367603302002,0.19576123356819153,-0.34812843799591064,0.04156087338924408,-0.5554670095443726,0.16579031944274902,0.6443253755569458,0.1479782611131668,0.1346249133348465,-0.1797189861536026,0.007998287677764893,0.48799604177474976,-0.12089093029499054,-0.09521594643592834,0.4083569049835205,-0.5938643217086792,-0.835506796836853,0.9114317893981934,0.06747682392597198,-0.12105090916156769,-0.5258430242538452,0.2886958718299866,-0.25963732600212097,0.998458206653595,-0.9649482369422913,0.9836201071739197,-0.22377772629261017,-1.7961044311523438,-0.11534249782562256,0.20383188128471375,-0.7766813635826111,0.0039908140897750854,-0.27243345975875854,-0.2622014284133911,0.22276240587234497,-0.2706907391548157,0.29866206645965576,-0.2773263454437256,-0.6939316391944885,0.4052020311355591,-0.7213172316551208,-0.019101440906524658,0.007177859544754028,0.21162571012973785,0.035472556948661804,0.14724457263946533,0.7411465048789978,-0.4947422444820404,-1.2048331499099731,-0.3980521559715271,0.03705491125583649,0.2372303456068039,0.20112884044647217,-0.43714237213134766,0.7490886449813843,-0.2889173626899719,0.026556357741355896,0.02886740118265152,0.17556744813919067
o2_e,-0.6480821371078491,-0.2828840911388397,-0.6407959461212158,0.2359009087085724,-0.36636844277381897,-0.623424232006073,0.30457672476768494,-0.2672256827354431,-0.05632534995675087,-0.6682431101799011,0.18938259780406952,0.7183904647827148,0.26841962337493896,0.1979704648256302,-0.2863205373287201,-0.03729327768087387,0.647454023361206,-0.06254422664642334,-0.1421871781349182,0.5273407101631165,-0.7514268159866333,-0.8649812936782837,0.9448111653327942,0.11269684880971909,-0.13526839017868042,-0.5180201530456543,0.39143282175064087,-0.2746124565601349,1.0760282278060913,-0.9704222083091736,0.9483705163002014,-0.33277180790901184,-1.869856834411621,-0.25169554352760315,0.2767351567745209,-0.7987866401672363,0.15115022659301758,-0.46756136417388916,-0.20134879648685455,0.16986709833145142,-0.3342864513397217,0.37265723943710327,-0.2986723482608795,-0.801712155342102,0.49866989254951477,-0.7186664342880249,0.1108936220407486,0.10173963755369186,0.24212104082107544,0.19771601259708405,0.1871231496334076,0.6657612323760986,-0.7531457543373108,-1.3120158910751343,-0.48621436953544617,0.09377764165401459,0.29733017086982727,0.2558540105819702,-0.4107811152935028,0.8454978466033936,-0.30053696036338806,0.19302478432655334,-0.06483244895935059,0.20736289024353027
for_c,-0.7107787132263184,-0.5489914417266846,-0.6622534394264221,0.2883336544036865,-0.388788104057312,-0.6713265180587769,0.4732245206832886,-0.259532630443573,-0.07298709452152252,-0.7402140498161316,0.1372753381729126,0.9107874631881714,0.373737096786499,0.10224445164203644,-0.38617151975631714,-0.06316651403903961,0.7743977308273315,-0.04083003103733063,-0.13145455718040466,0.4794173836708069,-0.8609172105789185,-1.0248783826828003,1.0935795307159424,0.010770872235298157,-0.030648544430732727,-0.49322062730789185,0.5633607506752014,-0.3438794016838074,1.3365683555603027,-0.9584116339683533,0.9640308618545532,-0.47015613317489624,-1.972994089126587,-0.3716585636138916,0.33750656247138977,-0.6971300840377808,0.26090025901794434,-0.6189497709274292,-0.019853442907333374,0.2236497700214386,-0.44128352403640747,0.4922208786010742,-0.40358051657676697,-0.9018989205360413,0.5600840449333191,-0.81232750415802,0.2835686504840851,0.32151782512664795,0.2065877914428711,0.330780029296875,0.1431203931570053,0.5338784456253052,-0.9969642758369446,-1.4588311910629272,-0.7140485048294067,0.18836840987205505,0.4169262647628784,0.3302355110645294,-0.47307509183883667,0.9732238054275513,-0.4414498805999756,0.4256182312965393,-0.14897248148918152,0.09221863746643066
for_e,-0.6712007522583008,-0.2576062083244324,-0.643708348274231,0.2238839566707611,-0.33594024181365967,-0.5896962881088257,0.31837958097457886,-0.3235447406768799,-0.011102810502052307,-0.6465193033218384,0.16557800769805908,0.6796869039535522,0.24790319800376892,0.18081793189048767,-0.32006579637527466,-0.0612509548664093,0.6421635150909424,-0.05495171248912811,-0.09593242406845093,0.521939754486084,-0.7540974617004395,-0.9127135872840881,0.9557964205741882,0.09151740372180939,-0.11858798563480377,-0.5479385852813721,0.41578471660614014,-0.2764274775981903,1.0477269887924194,-0.9213055968284607,0.9082366824150085,-0.32664936780929565,-1.8522450923919678,-0.21856339275836945,0.2214597761631012,-0.7357839345932007,0.12701760232448578,-0.43335506319999695,-0.16235032677650452,0.20510317385196686,-0.37469160556793213,0.37054216861724854,-0.28892403841018677,-0.7872002124786377,0.493943989276886,-0.7268534898757935,0.0767720639705658,0.10119283199310303,0.23795707523822784,0.1649215966463089,0.1924816519021988,0.6967797875404358,-0.7354349493980408,-1.3494982719421387,-0.5020810961723328,0.06446829438209534,0.3033769130706787,0.2828214168548584,-0.4262421131134033,0.8408435583114624,-0.3269917964935303,0.16439934074878693,-0.048816218972206116,0.24321863055229187
amp_c,-0.6480821371078491,-0.2828840911388397,-0.6407959461212158,0.2359009087085724,-0.36636844277381897,-0.623424232006073,0.30457672476768494,-0.2672256827354431,-0.05632534995675087,-0.6682431101799011,0.18938259780406952,0.7183904647827148,0.26841962337493896,0.1979704648256302,-0.2863205373287201,-0.03729327768087387,0.647454023361206,-0.06254422664642334,-0.1421871781349182,0.5273407101631165,-0.7514268159866333,-0.8649812936782837,0.9448111653327942,0.11269684880971909,-0.13526839017868042,-0.5180201530456543,0.39143282175064087,-0.2746124565601349,1.0760282278060913,-0.9704222083091736,0.9483705163002014,-0.33277180790901184,-1.869856834411621,-0.25169554352760315,0.2767351567745209,-0.7987866401672363,0.15115022659301758,-0.46756136417388916,-0.20134879648685455,0.16986709833145142,-0.3342864513397217,0.37265723943710327,-0.2986723482608795,-0.801712155342102,0.49866989254951477,-0.7186664342880249,0.1108936220407486,0.10173963755369186,0.24212104082107544,0.19771601259708405,0.1871231496334076,0.6657612323760986,-0.7531457543373108,-1.3120158910751343,-0.48621436953544617,0.09377764165401459,0.29733017086982727,0.2558540105819702,-0.4107811152935028,0.8454978466033936,-0.30053696036338806,0.19302478432655334,-0.06483244895935059,0.20736289024353027
etoh_e,-0.7143490314483643,-0.39763152599334717,-0.6437356472015381,0.25929516553878784,-0.39883971214294434,-0.6278722286224365,0.398919939994812,-0.2843526005744934,-0.04666893929243088,-0.7226406931877136,0.1545865535736084,0.752151370048523,0.332811564207077,0.17530302703380585,-0.38357722759246826,-0.07711805403232574,0.7391706705093384,-0.033949658274650574,-0.11385118961334229,0.5556957721710205,-0.8376455307006836,-0.9746251106262207,1.0232006311416626,0.07512961328029633,-0.09279836714267731,-0.530296802520752,0.49689286947250366,-0.3092404901981354,1.1693902015686035,-0.9279527068138123,0.9159330725669861,-0.40283071994781494,-1.9155645370483398,-0.3067931532859802,0.27415552735328674,-0.7153940200805664,0.2135791927576065,-0.5569701194763184,-0.08678086847066879,0.20344525575637817,-0.42969226837158203,0.427579402923584,-0.3229978084564209,-0.8520137667655945,0.549970805644989,-0.7486857771873474,0.17591628432273865,0.20074379444122314,0.24742142856121063,0.27144986391067505,0.19837568700313568,0.6325293183326721,-0.9070838689804077,-1.4312487840652466,-0.6009683012962341,0.11668296158313751,0.364251971244812,0.3182171583175659,-0.4437651038169861,0.917251706123352,-0.3804802894592285,0.30993592739105225,-0.10754522681236267,0.2046501189470291
ru5p__D_c,-0.5479123592376709,-0.05588214099407196,-0.6611217856407166,0.2398044317960739,-0.2907610535621643,-0.6031299829483032,0.14388419687747955,-0.28971344232559204,-0.02065899968147278,-0.5997095704078674,0.20390275120735168,0.6424676179885864,0.1328028291463852,0.22249747812747955,-0.20377148687839508,0.015257716178894043,0.5220044255256653,-0.10521592199802399,-0.15379974246025085,0.47259587049484253,-0.6305822730064392,-0.7560536861419678,0.831028163433075,0.1558464616537094,-0.17199446260929108,-0.48979562520980835,0.2780722379684448,-0.23248185217380524,0.9236813187599182,-0.9892914891242981,0.9776781797409058,-0.20939777791500092,-1.7750380039215088,-0.13680894672870636,0.19994081556797028,-0.8365183472633362,-0.0012747496366500854,-0.2958116829395294,-0.3169381320476532,0.16530942916870117,-0.27060842514038086,0.28440648317337036,-0.23671913146972656,-0.6891354322433472,0.4244782328605652,-0.6647881269454956,-0.005598127841949463,-0.06017087399959564,0.23914743959903717,0.03062024712562561,0.2045152336359024,0.7419304251670837,-0.4836738705635071,-1.1574897766113281,-0.33558201789855957,0.02192673087120056,0.22165952622890472,0.18911832571029663,-0.41178709268569946,0.7384145259857178,-0.24081990122795105,-0.01659032702445984,0.02707745134830475,0.23271667957305908
acald_e,-0.6480821371078491,-0.2828840911388397,-0.6407959461212158,0.2359009087085724,-0.36636844277381897,-0.623424232006073,0.30457672476768494,-0.2672256827354431,-0.05632534995675087,-0.6682431101799011,0.18938259780406952,0.7183904647827148,0.26841962337493896,0.1979704648256302,-0.2863205373287201,-0.03729327768087387,0.647454023361206,-0.06254422664642334,-0.1421871781349182,0.5273407101631165,-0.7514268159866333,-0.8649812936782837,0.9448111653327942,0.11269684880971909,-0.13526839017868042,-0.5180201530456543,0.39143282175064087,-0.2746124565601349,1.0760282278060913,-0.9704222083091736,0.9483705163002014,-0.33277180790901184,-1.869856834411621,-0.25169554352760315,0.2767351567745209,-0.7987866401672363,0.15115022659301758,-0.46756136417388916,-0.20134879648685455,0.16986709833145142,-0.3342864513397217,0.37265723943710327,-0.2986723482608795,-0.801712155342102,0.49866989254951477,-0.7186664342880249,0.1108936220407486,0.10173963755369186,0.24212104082107544,0.19771601259708405,0.1871231496334076,0.6657612323760986,-0.7531457543373108,-1.3120158910751343,-0.48621436953544617,0.09377764165401459,0.29733017086982727,0.2558540105819702,-0.4107811152935028,0.8454978466033936,-0.30053696036338806,0.19302478432655334,-0.06483244895935059,0.20736289024353027
cit_c,-0.6662983894348145,0.055123984813690186,-0.6462350487709045,0.18195103108882904,-0.34365391731262207,-0.5356616973876953,0.16366787254810333,-0.31864261627197266,-0.01581130176782608,-0.6217571496963501,0.21107390522956848,0.4718068242073059,0.10222506523132324,0.33270812034606934,-0.3486979007720947,-0.06304208934307098,0.571294367313385,-0.04380251467227936,-0.1053575873374939,0.6193848848342896,-0.7124488353729248,-0.7527931928634644,0.74612957239151,0.2268095463514328,-0.221329465508461,-0.5495898127555847,0.31358009576797485,-0.18258045613765717,0.7403203248977661,-0.8887773156166077,0.8474273681640625,-0.1926034837961197,-1.713089942932129,-0.09086683392524719,0.088022381067276,-0.7846291661262512,0.02169489860534668,-0.31531283259391785,-0.3052060008049011,0.15229249000549316,-0.36022651195526123,0.2518325746059418,-0.10713392496109009,-0.6605882048606873,0.4739115834236145,-0.6166993379592896,-0.09102845191955566,-0.20676054060459137,0.2879628539085388,0.0054010748863220215,0.33174270391464233,0.8403475880622864,-0.5107840895652771,-1.2445629835128784,-0.2640226483345032,-0.07680175453424454,0.22277049720287323,0.24133017659187317,-0.39358919858932495,0.7218762636184692,-0.2144344449043274,-0.14274664223194122,0.043872520327568054,0.4493657946586609
gln__L_e,-0.6480821371078491,-0.2828840911388397,-0.6407959461212158,0.2359009087085724,-0.36636844277381897,-0.623424232006073,0.30457672476768494,-0.2672256827354431,-0.05632534995675087,-0.6682431101799011,0.18938259780406952,0.7183904647827148,0.26841962337493896,0.1979704648256302,-0.2863205373287201,-0.03729327768087387,0.647454023361206,-0.06254422664642334,-0.1421871781349182,0.5273407101631165,-0.7514268159866333,-0.8649812936782837,0.9448111653327942,0.11269684880971909,-0.13526839017868042,-0.5180201530456543,0.39143282175064087,-0.2746124565601349,1.0760282278060913,-0.9704222083091736,0.9483705163002014,-0.33277180790901184,-1.869856834411621,-0.25169554352760315,0.2767351567745209,-0.7987866401672363,0.15115022659301758,-0.46756136417388916,-0.20134879648685455,0.16986709833145142,-0.3342864513397217,0.37265723943710327,-0.2986723482608795,-0.801712155342102,0.49866989254951477,-0.7186664342880249,0.1108936220407486,0.10173963755369186,0.24212104082107544,0.19771601259708405,0.1871231496334076,0.6657612323760986,-0.7531457543373108,-1.3120158910751343,-0.48621436953544617,0.09377764165401459,0.29733017086982727,0.2558540105819702,-0.4107811152935028,0.8454978466033936,-0.30053696036338806,0.19302478432655334,-0.06483244895935059,0.20736289024353027
glu__L_e,-0.7151317596435547,-0.7222768068313599,-0.6344404220581055,0.30424565076828003,-0.45370781421661377,-0.7027885913848877,0.54958575963974,-0.23886951804161072,-0.08547383546829224,-0.7898851633071899,0.1281183362007141,0.991513729095459,0.5151107311248779,0.0734403133392334,-0.36790215969085693,-0.06350566446781158,0.8558380603790283,-0.03533957898616791,-0.1423877775669098,0.49758249521255493,-0.9183558225631714,-1.1105833053588867,1.2153650522232056,-0.028014883399009705,-0.013404026627540588,-0.5158014297485352,0.6153231263160706,-0.40343141555786133,1.4787311553955078,-0.9891073107719421,0.989179253578186,-0.5615012645721436,-2.0626819133758545,-0.4782828688621521,0.45168399810791016,-0.714734673500061,0.3509103059768677,-0.7322415113449097,0.03834755718708038,0.21646954119205475,-0.4436715245246887,0.566432535648346,-0.5120154023170471,-1.016688585281372,0.5969390869140625,-0.8331829309463501,0.38650086522102356,0.5240493416786194,0.20660850405693054,0.47105592489242554,0.07190879434347153,0.45478856563568115,-1.185901165008545,-1.5348023176193237,-0.8411966562271118,0.2567659616470337,0.4498814344406128,0.35378825664520264,-0.4573628902435303,1.0626238584518433,-0.4715096950531006,0.6647046804428101,-0.23118014633655548,0.0018784105777740479
h2o_e,-0.6480821371078491,-0.2828840911388397,-0.6407959461212158,0.2359009087085724,-0.36636844277381897,-0.623424232006073,0.30457672476768494,-0.2672256827354431,-0.05632534995675087,-0.6682431101799011,0.18938259780406952,0.7183904647827148,0.26841962337493896,0.1979704648256302,-0.2863205373287201,-0.03729327768087387,0.647454023361206,-0.06254422664642334,-0.1421871781349182,0.5273407101631165,-0.7514268159866333,-0.8649812936782837,0.9448111653327942,0.11269684880971909,-0.13526839017868042,-0.5180201530456543,0.39143282175064087,-0.2746124565601349,1.0760282278060913,-0.9704222083091736,0.9483705163002014,-0.33277180790901184,-1.869856834411621,-0.25169554352760315,0.2767351567745209,-0.7987866401672363,0.15115022659301758,-0.46756136417388916,-0.20134879648685455,0.16986709833145142,-0.3342864513397217,0.37265723943710327,-0.2986723482608795,-0.801712155342102,0.49866989254951477,-0.7186664342880249,0.1108936220407486,0.10173963755369186,0.24212104082107544,0.19771601259708405,0.1871231496334076,0.6657612323760986,-0.7531457543373108,-1.3120158910751343,-0.48621436953544617,0.09377764165401459,0.29733017086982727,0.2558540105819702,-0.4107811152935028,0.8454978466033936,-0.30053696036338806,0.19302478432655334,-0.06483244895935059,0.20736289024353027
pyr_e,-0.6752951145172119,-0.5128302574157715,-0.6532659530639648,0.2888357639312744,-0.37449878454208374,-0.6669714450836182,0.4344159960746765,-0.27109086513519287,-0.050766170024871826,-0.7220426201820374,0.1416093111038208,0.8709679841995239,0.3753422796726227,0.10056088119745255,-0.3326720595359802,-0.04733918607234955,0.7397905588150024,-0.05731634795665741,-0.12838482856750488,0.4747856855392456,-0.8209776878356934,-1.013083577156067,1.098179817199707,0.013196274638175964,-0.046799436211586,-0.5058212280273438,0.5164201855659485,-0.3473675847053528,1.311463713645935,-0.9712005257606506,0.9805760383605957,-0.4432688355445862,-1.968465805053711,-0.35156071186065674,0.3469557464122772,-0.7230180501937866,0.23432867228984833,-0.5820392370223999,-0.05474652349948883,0.22099904716014862,-0.40360623598098755,0.47049450874328613,-0.40944093465805054,-0.8925841450691223,0.5396600365638733,-0.7965101599693298,0.2491377294063568,0.3183152675628662,0.21309874951839447,0.31582939624786377,0.12373089790344238,0.5575079917907715,-0.95124751329422,-1.4270414113998413,-0.6832981109619141,0.18091216683387756,0.38813817501068115,0.3078530430793762,-0.46183180809020996,0.9530352354049683,-0.41781169176101685,0.42137831449508667,-0.13590815663337708,0.0788162350654602
mal__L_e,-0.6480821371078491,-0.2828840911388397,-0.6407959461212158,0.2359009087085724,-0.36636844277381897,-0.623424232006073,0.30457672476768494,-0.2672256827354431,-0.05632534995675087,-0.6682431101799011,0.18938259780406952,0.7183904647827148,0.26841962337493896,0.1979704648256302,-0.2863205373287201,-0.03729327768087387,0.647454023361206,-0.06254422664642334,-0.1421871781349182,0.5273407101631165,-0.7514268159866333,-0.8649812936782837,0.9448111653327942,0.11269684880971909,-0.13526839017868042,-0.5180201530456543,0.39143282175064087,-0.2746124565601349,1.0760282278060913,-0.9704222083091736,0.9483705163002014,-0.33277180790901184,-1.869856834411621,-0.25169554352760315,0.2767351567745209,-0.7987866401672363,0.15115022659301758,-0.46756136417388916,-0.20134879648685455,0.16986709833145142,-0.3342864513397217,0.37265723943710327,-0.2986723482608795,-0.801712155342102,0.49866989254951477,-0.7186664342880249,0.1108936220407486,0.10173963755369186,0.24212104082107544,0.19771601259708405,0.1871231496334076,0.6657612323760986,-0.7531457543373108,-1.3120158910751343,-0.48621436953544617,0.09377764165401459,0.29733017086982727,0.2558540105819702,-0.4107811152935028,0.8454978466033936,-0.30053696036338806,0.19302478432655334,-0.06483244895935059,0.20736289024353027
co2_e,-0.6480821371078491,-0.2828840911388397,-0.6407959461212158,0.2359009087085724,-0.36636844277381897,-0.623424232006073,0.30457672476768494,-0.2672256827354431,-0.05632534995675087,-0.6682431101799011,0.18938259780406952,0.7183904647827148,0.26841962337493896,0.1979704648256302,-0.2863205373287201,-0.03729327768087387,0.647454023361206,-0.06254422664642334,-0.1421871781349182,0.5273407101631165,-0.7514268159866333,-0.8649812936782837,0.9448111653327942,0.11269684880971909,-0.13526839017868042,-0.5180201530456543,0.39143282175064087,-0.2746124565601349,1.0760282278060913,-0.9704222083091736,0.9483705163002014,-0.33277180790901184,-1.869856834411621,-0.25169554352760315,0.2767351567745209,-0.7987866401672363,0.15115022659301758,-0.46756136417388916,-0.20134879648685455,0.16986709833145142,-0.3342864513397217,0.37265723943710327,-0.2986723482608795,-0.801712155342102,0.49866989254951477,-0.7186664342880249,0.1108936220407486,0.10173963755369186,0.24212104082107544,0.19771601259708405,0.1871231496334076,0.6657612323760986,-0.7531457543373108,-1.3120158910751343,-0.48621436953544617,0.09377764165401459,0.29733017086982727,0.2558540105819702,-0.4107811152935028,0.8454978466033936,-0.30053696036338806,0.19302478432655334,-0.06483244895935059,0.20736289024353027
pi_e,-0.6480821371078491,-0.2828840911388397,-0.6407959461212158,0.2359009087085724,-0.36636844277381897,-0.623424232006073,0.30457672476768494,-0.2672256827354431,-0.05632534995675087,-0.6682431101799011,0.18938259780406952,0.7183904647827148,0.26841962337493896,0.1979704648256302,-0.2863205373287201,-0.03729327768087387,0.647454023361206,-0.06254422664642334,-0.1421871781349182,0.5273407101631165,-0.7514268159866333,-0.8649812936782837,0.9448111653327942,0.11269684880971909,-0.13526839017868042,-0.5180201530456543,0.39143282175064087,-0.2746124565601349,1.0760282278060913,-0.9704222083091736,0.9483705163002014,-0.33277180790901184,-1.869856834411621,-0.25169554352760315,0.2767351567745209,-0.7987866401672363,0.15115022659301758,-0.46756136417388916,-0.20134879648685455,0.16986709833145142,-0.3342864513397217,0.37265723943710327,-0.2986723482608795,-0.801712155342102,0.49866989254951477,-0.7186664342880249,0.1108936220407486,0.10173963755369186,0.24212104082107544,0.19771601259708405,0.1871231496334076,0.6657612323760986,-0.7531457543373108,-1.3120158910751343,-0.48621436953544617,0.09377764165401459,0.29733017086982727,0.2558540105819702,-0.4107811152935028,0.8454978466033936,-0.30053696036338806,0.19302478432655334,-0.06483244895935059,0.20736289024353027
pyr_c,-0.6480821371078491,-0.2828840911388397,-0.6407959461212158,0.2359009087085724,-0.36636844277381897,-0.623424232006073,0.30457672476768494,-0.2672256827354431,-0.05632534995675087,-0.6682431101799011,0.18938259780406952,0.7183904647827148,0.26841962337493896,0.1979704648256302,-0.2863205373287201,-0.03729327768087387,0.647454023361206,-0.06254422664642334,-0.1421871781349182,0.5273407101631165,-0.7514268159866333,-0.8649812936782837,0.9448111653327942,0.11269684880971909,-0.13526839017868042,-0.5180201530456543,0.39143282175064087,-0.2746124565601349,1.0760282278060913,-0.9704222083091736,0.9483705163002014,-0.33277180790901184,-1.869856834411621,-0.25169554352760315,0.2767351567745209,-0.7987866401672363,0.15115022659301758,-0.46756136417388916,-0.20134879648685455,0.16986709833145142,-0.3342864513397217,0.37265723943710327,-0.2986723482608795,-0.801712155342102,0.49866989254951477,-0.7186664342880249,0.1108936220407486,0.10173963755369186,0.24212104082107544,0.19771601259708405,0.1871231496334076,0.6657612323760986,-0.7531457543373108,-1.3120158910751343,-0.48621436953544617,0.09377764165401459,0.29733017086982727,0.2558540105819702,-0.4107811152935028,0.8454978466033936,-0.30053696036338806,0.19302478432655334,-0.06483244895935059,0.20736289024353027
pi_c,-0.5956107378005981,-0.2566016614437103,-0.6561168432235718,0.25607383251190186,-0.28736603260040283,-0.6228482723236084,0.2761850953102112,-0.3068001866340637,-0.0033494532108306885,-0.6285375356674194,0.16671836376190186,0.7267006635665894,0.23730245232582092,0.1391327828168869,-0.2339032143354416,-0.011629626154899597,0.5888032913208008,-0.09977371990680695,-0.11893659830093384,0.44621509313583374,-0.6860654950141907,-0.8873040676116943,0.9689146280288696,0.06223662197589874,-0.10589440166950226,-0.5101619958877563,0.37068629264831543,-0.28914976119995117,1.1045174598693848,-0.9763496518135071,0.9867462515830994,-0.30166757106781006,-1.8582959175109863,-0.2065238505601883,0.2667336165904999,-0.7751363515853882,0.09583236277103424,-0.3954906165599823,-0.19475466012954712,0.20925995707511902,-0.3151041865348816,0.3602431118488312,-0.3241943120956421,-0.773497462272644,0.46185147762298584,-0.7369152903556824,0.08421579003334045,0.11507787555456161,0.2176676094532013,0.1425153762102127,0.1432507485151291,0.6699240803718567,-0.6658082604408264,-1.2767192125320435,-0.49222010374069214,0.08872565627098083,0.28906553983688354,0.23612242937088013,-0.4403029680252075,0.8254687786102295,-0.3218297064304352,0.174712672829628,-0.03374241292476654,0.14570912718772888
